caption_id,source,true_score,predicted_score
261342,mscoco,1.625,0.9910195
203177,mscoco,-0.3333333333333333,-0.3010819
239082,mscoco,0.25,0.7227378
166557,mscoco,2.0,1.6416907
70,drawbench,-0.4166666666666666,0.09906793
27585,mscoco,1.2,1.2711444
44960,mscoco,1.3333333333333333,1.4975021
559685,mscoco,-0.3333333333333333,-0.31988746
577169,mscoco,0.0,0.400501
276964,mscoco,-0.5,0.21125221
480770,mscoco,1.0,0.14643371
56821,mscoco,0.6666666666666667,1.0118985
298353,mscoco,1.2,0.9041321
58492,mscoco,1.6666666666666667,1.2350945
530479,mscoco,1.5,0.767594
318426,mscoco,1.5,1.0562236
386890,mscoco,1.0,0.46544087
23309,mscoco,1.75,1.513628
101270,mscoco,0.0,0.46562076
170809,mscoco,1.0,0.1094439
20150,mscoco,0.4333333333333333,0.7973157
142942,mscoco,2.0,1.2892747
63306,mscoco,0.0,-0.30022222
561151,mscoco,0.3333333333333333,0.675189
377619,mscoco,1.0,0.57392883
390068,mscoco,0.575,0.6453074
246004,mscoco,1.0,0.26755
324789,mscoco,1.325,0.6830797
301541,mscoco,-0.5,-0.44243562
233617,mscoco,2.0,1.4485474
108452,mscoco,0.3333333333333333,0.4952619
333049,mscoco,-0.6666666666666666,-0.38841897
144796,mscoco,1.1666666666666663,1.6143537
488514,mscoco,1.0,-0.21155894
47294,mscoco,0.0,0.21161449
306173,mscoco,0.4166666666666666,0.8592948
253470,mscoco,-0.5,-0.30155355
190700,mscoco,1.0,0.43262672
84089,mscoco,-0.3333333333333333,-0.27756953
175954,mscoco,-1.0,0.9151573
158223,mscoco,1.0,0.8131039
448607,mscoco,1.0,1.0104802
248862,mscoco,1.0,1.586935
227526,mscoco,0.5,0.71958673
549409,mscoco,-0.775,0.015863657
123214,mscoco,1.8333333333333333,0.83002615
494957,mscoco,0.5,1.3012736
284176,mscoco,1.25,0.54642975
25430,mscoco,1.3333333333333337,1.2558444
52746,mscoco,1.0,1.4656265
118598,mscoco,0.5416666666666666,0.6710787
42622,mscoco,-0.1666666666666666,0.11047697
128275,mscoco,0.5,0.8327316
402255,mscoco,-0.125,-0.14664912
24935,mscoco,-0.1,0.023753285
39502,mscoco,0.375,0.3333584
370391,mscoco,1.0,1.523068
170700,mscoco,1.25,0.6115813
438910,mscoco,0.0,0.4928205
160,drawbench,0.0,0.60235333
291526,mscoco,-0.4666666666666667,-0.24272549
379596,mscoco,-0.5,-0.010813117
12,drawbench,2.0,1.1476107
241148,mscoco,1.5,1.090421
319991,mscoco,-0.8,-0.06931049
310688,mscoco,1.5833333333333337,0.47596312
243283,mscoco,1.4,1.1315289
149,drawbench,0.5,0.033872724
558426,mscoco,-0.3333333333333333,-0.06558561
394214,mscoco,1.0,0.83062744
297699,mscoco,-0.0833333333333333,-0.1389131
146972,mscoco,-0.5833333333333333,-0.115885615
401783,mscoco,1.425,1.1778855
182245,mscoco,0.0,0.19310188
126018,mscoco,1.75,1.209106
290549,mscoco,1.1666666666666663,0.5704198
399946,mscoco,0.0,0.18212593
8,drawbench,1.6666666666666667,0.7161921
211678,mscoco,0.0,-0.17255545
421539,mscoco,0.0,-0.082488
264358,mscoco,0.0,-0.40278184
430848,mscoco,1.4404761904761905,1.4203103
133251,mscoco,1.5833333333333337,0.9211581
568560,mscoco,-0.125,-0.09763318
405612,mscoco,1.0,0.22897863
20794,mscoco,0.0,-0.36744928
6,drawbench,1.0,0.80726624
225306,mscoco,1.0,-0.20029384
103603,mscoco,0.0,0.5177896
395,mscoco,-0.125,-0.26729786
80067,mscoco,0.25,-0.07462555
490619,mscoco,1.0,0.6949711
167126,mscoco,0.25,0.37535203
442961,mscoco,-0.25,-0.200014
260111,mscoco,0.0,0.97101736
68005,mscoco,0.0,0.7978978
73541,mscoco,1.8333333333333333,1.047493
316190,mscoco,1.0,1.1085155
519552,mscoco,1.0,0.45597863
365419,mscoco,-0.6666666666666666,-0.08839029
55050,mscoco,-0.3,-0.31058133
150,drawbench,2.0,1.4830256
122,drawbench,0.375,0.072958946
403464,mscoco,1.1666666666666663,1.0777617
256809,mscoco,0.5,0.80706096
481098,mscoco,0.0,-0.0056335926
163289,mscoco,1.0,-0.053728104
383175,mscoco,-0.25,0.9845625
71346,mscoco,-0.125,-0.21345383
15569,mscoco,1.5,0.8084812
314949,mscoco,-0.6666666666666666,0.14944458
424018,mscoco,2.0,1.5575671
465153,mscoco,0.8333333333333334,0.26766944
10540,mscoco,1.125,0.817075
524401,mscoco,-0.25,-0.26159418
277498,mscoco,-1.0,0.6573967
393583,mscoco,0.2,0.7512648
151339,mscoco,-0.5,0.103636384
300509,mscoco,-0.3333333333333333,-0.13879895
389145,mscoco,-0.1666666666666666,0.18984962
537667,mscoco,1.0,0.044085264
352143,mscoco,1.1666666666666663,0.9658221
148,drawbench,-0.25,-0.21000552
355826,mscoco,1.3333333333333333,1.3835301
251937,mscoco,-0.25,0.0004029274
135397,mscoco,-0.8333333333333333,0.075213194
394658,mscoco,1.0,0.21037936
485709,mscoco,0.0,-0.21209192
504167,mscoco,0.0,1.0569384
230644,mscoco,1.0,0.9541719
83510,mscoco,0.25,-0.06339657
401650,mscoco,-1.0,-0.21677727
136411,mscoco,1.3666666666666667,0.759665
176120,mscoco,1.4166666666666663,1.0503812
348134,mscoco,2.0,0.6178198
193398,mscoco,0.4166666666666666,0.9488816
540774,mscoco,1.5,0.95234346
113211,mscoco,0.0,-0.33461958
406749,mscoco,1.6666666666666667,1.5053813
280551,mscoco,0.0,0.83234596
441358,mscoco,0.5833333333333334,0.7222588
561314,mscoco,-0.6666666666666666,-0.4420421
130749,mscoco,1.1458333333333337,0.40583062
25907,mscoco,-0.5,-0.22605252
364157,mscoco,0.5,1.3124995
327529,mscoco,-0.8333333333333333,0.19249296
214087,mscoco,-0.1666666666666666,-0.11895394
253763,mscoco,1.0,1.3218894
298065,mscoco,0.0,-0.21437597
305803,mscoco,1.0,0.15888166
173,drawbench,0.5,0.2699015
458339,mscoco,1.3333333333333337,0.16668272
428326,mscoco,1.1666666666666663,1.0075278
530201,mscoco,1.775,1.0370209
59039,mscoco,2.0,1.4998026
333738,mscoco,2.0,1.7080464
132081,mscoco,-0.25,0.5761585
26573,mscoco,0.0,0.68897235
115893,mscoco,1.5,0.46032953
49542,mscoco,1.4,1.3452358
212864,mscoco,0.0,-0.41521633
32967,mscoco,0.0,0.48379624
98642,mscoco,1.75,0.5647732
183719,mscoco,1.0,0.62965226
401307,mscoco,1.0,0.51768637
467612,mscoco,0.0,0.17748594
36034,mscoco,0.3333333333333333,0.18883848
216378,mscoco,1.55,0.6702068
360441,mscoco,-0.3333333333333333,0.7383758
75057,mscoco,1.875,1.7384505
53870,mscoco,1.0,0.5218128
253323,mscoco,1.25,1.5515313
433270,mscoco,1.3333333333333337,1.3159957
176758,mscoco,0.75,1.0372176
420396,mscoco,1.0,0.53312826
365792,mscoco,0.0,0.023088694
564382,mscoco,0.0,-0.037852645
180667,mscoco,0.0,0.7814696
154399,mscoco,1.8333333333333333,1.0881681
576537,mscoco,-1.0,0.833127
18194,mscoco,-0.1666666666666666,-0.14875823
278243,mscoco,1.4583333333333337,0.45444298
253728,mscoco,1.3333333333333333,0.5851215
306229,mscoco,0.0,0.7468338
413277,mscoco,0.25,0.7437116
86951,mscoco,1.0,0.7150483
489942,mscoco,0.3333333333333333,0.95541084
199141,mscoco,0.2249999999999999,0.8577745
170336,mscoco,0.25,0.2460494
89549,mscoco,1.3333333333333333,0.93480134
372246,mscoco,1.0,0.754969
535563,mscoco,1.0,1.060545
228222,mscoco,0.0,0.93169
195353,mscoco,1.4166666666666663,1.2983122
58624,mscoco,1.3333333333333333,0.81866324
268900,mscoco,-0.4,-0.16519517
161019,mscoco,1.9285714285714288,1.5877442
379035,mscoco,-0.7083333333333333,0.6885333
172276,mscoco,2.0,1.6290305
271120,mscoco,1.5,0.8452897
180445,mscoco,-0.125,0.46481752
284362,mscoco,0.0,0.6230415
466656,mscoco,1.5,0.76445687
271360,mscoco,0.0,0.40795207
429290,mscoco,-0.3333333333333333,-0.349886
464649,mscoco,1.4166666666666663,1.1948447
118260,mscoco,1.0,0.4755888
337062,mscoco,-0.7333333333333334,0.3625716
249049,mscoco,1.1666666666666663,1.3613598
497542,mscoco,0.5,0.9126514
400940,mscoco,1.1666666666666663,0.98307014
254753,mscoco,0.0,0.08697653
550157,mscoco,0.3,0.95933557
113905,mscoco,0.5,0.19214785
471881,mscoco,0.0,0.36658502
524187,mscoco,0.0,-0.29353064
354409,mscoco,-0.3333333333333333,-0.33242738
36713,mscoco,0.5,0.65229475
421005,mscoco,0.0,0.026767015
504639,mscoco,1.8333333333333333,0.8876922
356660,mscoco,0.0,-0.14873016
1792,mscoco,1.3333333333333333,1.5459995
30409,mscoco,1.5,1.2021844
254060,mscoco,0.0,-0.010545373
169340,mscoco,0.0,0.80335426
42513,mscoco,1.5,0.84990776
402887,mscoco,1.8333333333333333,1.0176618
96435,mscoco,1.5238095238095235,1.5032299
441541,mscoco,1.125,1.4195845
51663,mscoco,-0.3333333333333333,0.23644805
474271,mscoco,1.8125,0.9062828
72702,mscoco,-0.75,0.11165798
182793,mscoco,-0.3333333333333333,-0.38680315
21795,mscoco,0.6666666666666666,0.52838635
566672,mscoco,0.0,-0.22957319
2664,mscoco,0.4,0.19054914
333241,mscoco,1.5833333333333337,0.84694266
353402,mscoco,1.1666666666666663,1.2407494
18252,mscoco,-0.0833333333333333,0.16385841
387352,mscoco,1.375,0.8965939
198085,mscoco,0.3333333333333333,0.9007324
246625,mscoco,1.5,1.5684183
420045,mscoco,-0.1666666666666666,-0.40265673
398225,mscoco,0.0,1.425231
132964,mscoco,1.2,1.0845523
344632,mscoco,0.0,-0.15032983
508045,mscoco,1.0,0.08529174
236936,mscoco,0.0,0.51079726
110330,mscoco,0.0,0.69781065
19292,mscoco,-0.35,0.5027926
19,drawbench,1.5,0.72150874
345294,mscoco,-0.8333333333333333,-0.07153636
250424,mscoco,0.3333333333333333,0.6201713
50583,mscoco,-0.6111111111111112,-0.36353832
230879,mscoco,1.1666666666666663,1.208082
168609,mscoco,-1.0,0.38629544
175923,mscoco,1.3833333333333333,1.4059594
530248,mscoco,2.0,1.3364165
421009,mscoco,1.5,0.9879707
450974,mscoco,1.3333333333333333,-0.19484758
34922,mscoco,-0.375,0.5078361
134454,mscoco,0.0,-0.23740059
91960,mscoco,0.0,0.044957876
570203,mscoco,2.0,1.516818
46506,mscoco,-0.875,-0.40248668
460202,mscoco,-0.9166666666666669,-0.059033394
358566,mscoco,0.3333333333333333,1.2021947
205206,mscoco,1.5833333333333337,1.0641141
342273,mscoco,-0.5,-0.4047991
550466,mscoco,1.25,1.1877618
303281,mscoco,1.75,1.5770006
464787,mscoco,1.0,0.50236714
382210,mscoco,1.0,1.0067625
78413,mscoco,0.5,0.6059569
241530,mscoco,1.55,0.23004985
165419,mscoco,-0.5,0.10456097
152776,mscoco,1.0,0.75354767
103320,mscoco,1.0,0.748119
391011,mscoco,1.75,0.9531392
36281,mscoco,0.0,-0.16356492
485016,mscoco,-0.3333333333333333,-0.3880787
524392,mscoco,-0.8333333333333333,0.45570707
299123,mscoco,-0.8333333333333333,0.47500157
211905,mscoco,-0.3333333333333333,0.000790596
231381,mscoco,1.5,0.57448244
433896,mscoco,0.1666666666666666,-0.19742674
284259,mscoco,1.5333333333333332,1.4860799
540283,mscoco,1.6666666666666667,0.71021366
425010,mscoco,1.0,1.376852
170525,mscoco,-0.35,0.24228823
432216,mscoco,-1.0,0.5934806
142402,mscoco,1.0,0.7778897
90820,mscoco,1.1666666666666667,1.107225
208961,mscoco,0.25,0.56860685
140623,mscoco,1.0,1.273334
312015,mscoco,0.0,-0.009443641
388399,mscoco,0.75,0.35914302
126659,mscoco,1.125,1.0000005
234990,mscoco,1.575,0.42930388
212445,mscoco,0.2142857142857142,0.51823616
540885,mscoco,1.75,1.0384648
276417,mscoco,-0.3333333333333333,-0.3115015
46173,mscoco,-0.4166666666666666,-0.19097996
53641,mscoco,1.3333333333333337,1.4317474
367332,mscoco,1.1,1.0617642
527134,mscoco,1.5,1.4077404
263970,mscoco,1.0,-0.011627972
485696,mscoco,1.25,1.156923
118870,mscoco,-0.25,0.25466967
11332,mscoco,1.0,0.5923513
365523,mscoco,1.675,0.80769944
479035,mscoco,1.0,1.278039
416098,mscoco,1.225,0.1180433
13284,mscoco,-0.1666666666666666,-0.19404268
110435,mscoco,0.238095238095238,-0.11111647
116694,mscoco,0.5,0.090655565
244410,mscoco,-0.1666666666666666,-0.031505466
428992,mscoco,-0.5,0.35032654
337902,mscoco,0.0,1.5083017
546074,mscoco,0.1666666666666666,1.3807206
70033,mscoco,1.0,0.33249176
149268,mscoco,0.1666666666666666,0.25155818
431370,mscoco,1.0,1.4420834
254387,mscoco,0.5,-0.038636446
177349,mscoco,-0.5833333333333333,0.23228371
287186,mscoco,1.5,1.3134613
328284,mscoco,0.0,0.386158
50409,mscoco,-0.4,-0.4172703
399183,mscoco,1.6,1.1673465
76589,mscoco,1.0,1.2265191
534965,mscoco,2.0,0.7270179
295759,mscoco,-0.3333333333333333,0.17710602
131725,mscoco,0.5,1.233139
214123,mscoco,0.0,0.30338168
433075,mscoco,0.0,1.1350129
21260,mscoco,1.0,1.1081948
312870,mscoco,2.0,1.4946733
6824,mscoco,1.0,0.13263643
368014,mscoco,1.875,1.0309963
227772,mscoco,-0.3333333333333333,-0.19000882
276671,mscoco,-0.25,-0.2487737
74894,mscoco,1.5,0.6740546
395170,mscoco,1.125,1.023346
362521,mscoco,-1.0,0.49950767
543838,mscoco,1.0,1.1534243
385580,mscoco,-0.2666666666666666,-0.2170251
448131,mscoco,0.0,0.21931934
33702,mscoco,1.0,0.75560415
109522,mscoco,0.0,-0.31432796
268444,mscoco,0.5714285714285714,1.1468992
526105,mscoco,1.1666666666666663,0.8593173
538709,mscoco,0.5,0.07727003
455856,mscoco,0.0,0.48627532
246878,mscoco,-0.2,-0.22083628
361472,mscoco,-0.3333333333333333,-0.28369772
422240,mscoco,-0.1666666666666666,-0.3642454
233073,mscoco,1.0,0.77433014
340621,mscoco,0.6666666666666667,0.13996577
422804,mscoco,-0.1666666666666666,-0.33793586
440762,mscoco,-0.1666666666666666,-0.2801981
165907,mscoco,0.4166666666666666,0.8670616
540006,mscoco,-0.1666666666666666,-0.15743321
300267,mscoco,1.0,1.0670338
413852,mscoco,0.0,0.8384464
360975,mscoco,1.7083333333333337,1.6135283
211909,mscoco,1.5,0.88983417
66389,mscoco,-0.1,0.035481453
13285,mscoco,0.0,-0.23804736
573922,mscoco,-0.4,0.4306966
62619,mscoco,1.0,0.90989065
168563,mscoco,1.25,0.2128396
178504,mscoco,0.5,0.046119094
176174,mscoco,0.5,0.8153763
60903,mscoco,-0.3333333333333333,0.17847764
80554,mscoco,-0.5,-0.3422435
494852,mscoco,-0.3333333333333333,-0.43630248
272832,mscoco,1.625,1.5384374
497002,mscoco,-0.125,-0.1680612
473918,mscoco,-0.1666666666666666,-0.25858295
78681,mscoco,1.875,1.4604728
261323,mscoco,1.0,1.22121
489482,mscoco,1.0,0.78417945
513966,mscoco,1.5,1.1232085
326202,mscoco,-0.2142857142857142,0.17946649
394159,mscoco,0.8333333333333334,0.32662106
392320,mscoco,0.0,0.77984416
428301,mscoco,0.3333333333333333,0.8171948
304217,mscoco,0.25,-0.044894814
332131,mscoco,2.0,0.36110544
316336,mscoco,0.5833333333333334,0.30930924
575331,mscoco,-0.1666666666666666,0.14536881
357578,mscoco,1.45,1.4462657
201714,mscoco,1.0,1.3080449
76899,mscoco,0.8333333333333334,1.3914881
461445,mscoco,0.3333333333333333,1.0481057
317431,mscoco,0.5,1.0545111
74,drawbench,2.0,0.17326784
413172,mscoco,0.2,0.43414164
346754,mscoco,1.1666666666666663,1.0456295
142349,mscoco,1.4,1.5607972
495947,mscoco,1.1666666666666663,1.2492733
105344,mscoco,1.875,1.3019731
466024,mscoco,-1.0,0.04845631
579165,mscoco,1.6666666666666667,1.4410243
323868,mscoco,1.5,1.2656636
119947,mscoco,0.25,1.321382
536201,mscoco,0.3333333333333333,0.16807461
151432,mscoco,1.3333333333333337,1.3682337
50972,mscoco,0.0,1.0732603
222361,mscoco,0.3333333333333333,-0.023428202
183,drawbench,0.4166666666666667,0.75633883
356654,mscoco,1.6333333333333333,1.232301
12377,mscoco,1.25,0.74861693
62589,mscoco,1.8333333333333333,0.9787185
175,drawbench,-0.6666666666666666,0.07022452
97569,mscoco,1.0,0.23667741
118342,mscoco,1.6666666666666667,1.0135839
226348,mscoco,-0.4166666666666666,0.10855627
507833,mscoco,0.0,0.12757254
509503,mscoco,-0.0833333333333333,0.47291994
265447,mscoco,1.5,1.1263332
39398,mscoco,-0.2,0.30399776
475667,mscoco,2.0,1.4214599
110829,mscoco,0.5,0.94395137
423830,mscoco,1.0,1.2195597
159567,mscoco,1.25,1.2376227
67422,mscoco,-0.625,-0.13020736
449210,mscoco,0.0,0.26551747
561386,mscoco,-0.5,-0.29550403
136267,mscoco,1.0,0.5930054
147294,mscoco,0.0,0.113146305
127074,mscoco,1.0,0.062912464
355593,mscoco,-0.125,-0.2514075
82,drawbench,-0.1666666666666666,0.38884914
97614,mscoco,0.0,-0.09324098
548219,mscoco,0.4166666666666667,1.0242026
232031,mscoco,0.75,0.5955739
212047,mscoco,1.5714285714285714,0.91584516
532520,mscoco,0.35,0.7114614
202923,mscoco,-0.1,-0.28250533
32675,mscoco,-0.25,-0.2449587
280112,mscoco,1.5,0.39024377
230982,mscoco,-0.2,-0.050070107
104340,mscoco,0.3,-0.31815845
444912,mscoco,1.4166666666666663,0.3392228
210071,mscoco,1.25,0.8442068
541203,mscoco,1.0,1.1322007
64626,mscoco,1.0,1.1228161
224060,mscoco,0.4,-0.0035953522
411028,mscoco,1.8333333333333333,1.2400029
228712,mscoco,1.25,0.8387208
170365,mscoco,1.6666666666666663,1.1591489
346403,mscoco,0.0,-0.38864505
265597,mscoco,0.5,0.10156512
11504,mscoco,1.1666666666666663,1.1797786
546010,mscoco,-0.0833333333333333,-0.061879873
287003,mscoco,1.0,1.0569236
485406,mscoco,1.5,0.2896192
299051,mscoco,1.375,0.905751
67,drawbench,0.5,0.3104713
107481,mscoco,1.25,0.7632606
160968,mscoco,0.0,0.16744602
447983,mscoco,-0.5,0.38098288
192651,mscoco,0.8333333333333334,1.2549891
341856,mscoco,1.3333333333333337,1.3802173
45809,mscoco,-0.75,0.12722206
552089,mscoco,-0.5,0.2414161
24097,mscoco,0.0,0.03972411
433451,mscoco,0.0,-0.28215146
547100,mscoco,-0.5,0.42149794
485595,mscoco,0.0,-0.23711914
266209,mscoco,1.0,1.2052188
559754,mscoco,1.8333333333333333,0.8859179
253848,mscoco,1.1666666666666663,1.646925
51487,mscoco,-0.325,0.5708654
8725,mscoco,0.0,0.3925562
115,drawbench,0.3333333333333333,0.34689152
168833,mscoco,0.0,-0.07948464
248682,mscoco,0.25,-0.22444081
488032,mscoco,0.5,-0.22433078
24242,mscoco,0.0,-0.24232227
150546,mscoco,0.25,1.2858393
67563,mscoco,-1.0,0.80752444
36783,mscoco,1.2083333333333337,0.30800354
216015,mscoco,1.0,1.2153854
530904,mscoco,1.0,1.0305362
15356,mscoco,1.5,1.1358342
213809,mscoco,1.0,1.3044968
407057,mscoco,0.2928571428571429,-0.20952761
229142,mscoco,2.0,0.937721
307990,mscoco,-0.25,-0.2374022
185,drawbench,1.0,0.58590055
318820,mscoco,-0.1,0.447523
575303,mscoco,-0.7083333333333333,0.03216672
578094,mscoco,-0.125,0.05310428
54611,mscoco,-1.0,0.66003454
5903,mscoco,0.0,1.3098474
238603,mscoco,1.0,0.31499803
113089,mscoco,1.1666666666666663,0.7364156
381759,mscoco,0.25,0.83194125
486580,mscoco,0.0,0.40799928
480720,mscoco,0.25,0.9331635
289140,mscoco,1.2,0.9786645
91719,mscoco,1.375,0.8378465
8944,mscoco,1.225,0.6674099
468742,mscoco,0.5,0.47971857
512723,mscoco,1.7857142857142856,1.0357361
167962,mscoco,-0.75,0.10835838
132161,mscoco,-0.1666666666666666,0.99438286
260336,mscoco,-1.0,0.6600864
320429,mscoco,0.65,0.2533362
465893,mscoco,0.4166666666666667,1.0021856
34183,mscoco,-0.75,0.24741602
531404,mscoco,0.3333333333333333,-0.18006748
551651,mscoco,-0.25,0.061756372
140921,mscoco,-0.3,0.31852114
449780,mscoco,0.125,0.36108613
560326,mscoco,1.25,0.75828075
440813,mscoco,-0.2,-0.17610621
126,drawbench,0.25,1.1497817
44,drawbench,-0.5833333333333333,0.23679507
174417,mscoco,0.5,0.28315485
423215,mscoco,1.5833333333333337,1.1670465
478090,mscoco,0.0,1.0616841
83034,mscoco,-0.1,0.03516996
325568,mscoco,-0.0833333333333333,0.026237011
517603,mscoco,0.5,0.16120875
460287,mscoco,-0.5,0.05419731
337546,mscoco,1.0,1.165565
389491,mscoco,1.0,1.4059436
557451,mscoco,-0.375,0.45354915
20414,mscoco,-0.1666666666666666,0.03052926
402603,mscoco,0.4166666666666666,1.3691182
93116,mscoco,0.25,0.62462044
202143,mscoco,0.5,0.4579264
477526,mscoco,0.75,1.2711151
557388,mscoco,0.0,-0.18883824
120254,mscoco,0.25,0.87327194
188606,mscoco,-0.2916666666666666,-0.22394466
490336,mscoco,0.3333333333333333,-0.13872182
82731,mscoco,1.0,0.42949963
46674,mscoco,-0.1666666666666666,-0.018559933
534366,mscoco,0.0,1.0223498
493774,mscoco,1.5,0.68267155
417547,mscoco,-0.3333333333333333,-0.3403033
63556,mscoco,0.0,0.7764324
479036,mscoco,1.25,1.3536856
515424,mscoco,0.0,-0.055864215
320899,mscoco,1.4,1.1652088
353378,mscoco,1.0,1.3238213
26517,mscoco,-1.0,0.8745799
559912,mscoco,1.625,1.1024017
5913,mscoco,1.4166666666666663,1.2466547
390474,mscoco,0.5,0.4689002
235062,mscoco,-0.5,0.87114
313015,mscoco,0.1666666666666666,0.42635274
397857,mscoco,0.0,-0.43422854
550140,mscoco,0.5,0.007820129
461836,mscoco,1.0,0.6028938
106,drawbench,0.0,0.7613262
81779,mscoco,0.5,0.7908323
215134,mscoco,0.5,0.6457373
523309,mscoco,-0.25,0.7498894
171,drawbench,1.6666666666666663,0.7060602
380500,mscoco,1.4583333333333337,1.0517554
156128,mscoco,0.1666666666666666,1.0321321
125908,mscoco,0.0,-0.33634198
488303,mscoco,1.0,1.2546144
49725,mscoco,0.125,0.5910739
556363,mscoco,-0.5,-0.3650748
279947,mscoco,1.4166666666666663,0.98664963
139083,mscoco,-0.375,-0.15490013
325055,mscoco,1.0,0.4507321
483311,mscoco,1.1666666666666663,0.7098503
206410,mscoco,-1.0,0.21933901
270290,mscoco,1.625,1.1478021
542937,mscoco,0.0,0.22970176
109178,mscoco,-0.4166666666666666,-0.07832217
286116,mscoco,0.0,-0.0017386675
369557,mscoco,-0.375,-0.35962707
195810,mscoco,1.0,1.3811467
561907,mscoco,-0.3333333333333333,0.124102116
100083,mscoco,1.5,0.9951072
427113,mscoco,0.0,0.27625835
504670,mscoco,-0.6666666666666666,0.30381846
171656,mscoco,1.5,0.84898925
337011,mscoco,1.3333333333333333,0.3176459
452031,mscoco,-0.5,-0.13324034
59593,mscoco,-0.25,-0.14568442
469894,mscoco,0.25,0.3773681
427688,mscoco,-0.1666666666666666,-0.35595787
247394,mscoco,1.675,1.1458035
189197,mscoco,0.5,1.1547759
293218,mscoco,1.8333333333333333,1.4492586
563257,mscoco,-0.6666666666666666,-0.3138007
188556,mscoco,1.0,1.1229298
544348,mscoco,1.5,1.1178071
492817,mscoco,0.0,1.2291679
5614,mscoco,0.0,-0.29468662
58250,mscoco,1.0,0.90799236
110348,mscoco,1.0,0.78394115
502179,mscoco,1.0,0.15395272
357948,mscoco,-1.0,0.027786374
293081,mscoco,1.5833333333333337,1.5695674
531883,mscoco,-1.0,-0.29428744
241911,mscoco,0.0,-0.031719685
253480,mscoco,1.5,1.052103
7,drawbench,2.0,0.6243284
418853,mscoco,-0.25,0.6863109
476341,mscoco,-0.5,-0.34251535
92554,mscoco,1.125,0.45696747
186145,mscoco,1.375,1.5142822
323424,mscoco,0.5,0.7439455
92670,mscoco,1.375,0.98101914
436333,mscoco,-0.25,-0.23552716
25748,mscoco,1.25,1.3263104
437156,mscoco,-0.4285714285714285,-0.2819103
40361,mscoco,0.0,-0.2763617
190,drawbench,-0.4166666666666666,0.06668162
477988,mscoco,-0.1,0.18344176
108238,mscoco,0.0,-0.120931625
397575,mscoco,0.0,-0.055769086
442667,mscoco,1.125,1.2834263
362839,mscoco,1.5416666666666663,0.9210603
375004,mscoco,-0.2,0.11932969
409949,mscoco,1.0,0.14546812
549532,mscoco,1.0,0.30620277
434511,mscoco,0.0,-0.22483462
33481,mscoco,1.1666666666666663,0.59901035
306232,mscoco,1.0714285714285714,0.6411196
154119,mscoco,-0.5833333333333333,1.0097995
525467,mscoco,-0.25,-0.28266156
494360,mscoco,0.0,0.52648306
223574,mscoco,1.1666666666666663,0.81090486
347113,mscoco,1.5,1.2904716
25697,mscoco,1.25,0.8156277
198978,mscoco,-0.125,-0.275828
172776,mscoco,-0.3333333333333333,-0.3642155
59515,mscoco,-1.0,0.1624496
35715,mscoco,1.8,1.6434069
386777,mscoco,1.8333333333333333,1.396152
527342,mscoco,-0.6666666666666667,-0.28473586
408838,mscoco,0.125,0.4483235
53744,mscoco,1.5,0.9610889
218960,mscoco,2.0,1.2213178
404367,mscoco,0.0,-0.19915783
500071,mscoco,1.0,0.092185736
74331,mscoco,-1.0,0.73201394
47652,mscoco,1.0,0.62695575
299154,mscoco,-0.4166666666666667,-0.15316403
499004,mscoco,0.0,0.7383858
13471,mscoco,1.75,0.88020563
280810,mscoco,1.5,1.5567813
322008,mscoco,1.6666666666666663,1.2989454
108871,mscoco,-1.0,0.40096736
509626,mscoco,0.0,0.038477063
105853,mscoco,-0.3095238095238095,0.14047694
478320,mscoco,0.75,0.30313277
517632,mscoco,0.1666666666666666,1.0156972
194105,mscoco,1.8333333333333333,1.334816
323208,mscoco,1.1666666666666663,1.051805
116,drawbench,0.3333333333333333,0.5552782
246746,mscoco,0.25,0.49222302
243292,mscoco,1.1666666666666663,1.1937845
125,drawbench,0.0,0.77188754
392363,mscoco,1.0,-0.028138578
6107,mscoco,-0.125,-0.16919875
279605,mscoco,0.5,1.0929451
518199,mscoco,0.0,0.86033463
516990,mscoco,0.5,0.28657508
474504,mscoco,0.5833333333333334,0.63095474
323788,mscoco,0.5,0.021481752
210136,mscoco,1.375,0.68574953
450558,mscoco,1.25,1.6682448
542178,mscoco,1.5,1.0315206
59525,mscoco,1.5833333333333337,1.1560063
50201,mscoco,-0.5,1.487812
311629,mscoco,0.3333333333333333,0.5865555
151594,mscoco,0.0,0.07095039
305545,mscoco,0.0,-0.12575024
162393,mscoco,0.0,-0.057889104
297967,mscoco,-0.4166666666666666,1.2127528
237833,mscoco,-0.3333333333333333,-0.2813177
234274,mscoco,0.5,1.5169308
111742,mscoco,1.3333333333333333,0.85547924
109061,mscoco,-0.6,-0.212318
190035,mscoco,1.3333333333333337,1.2369084
62995,mscoco,0.0,0.11743927
285484,mscoco,0.5,0.46097636
36850,mscoco,1.0,0.6836939
110324,mscoco,1.1,1.3944945
388566,mscoco,1.25,0.39606977
74466,mscoco,-0.5,0.6876681
358438,mscoco,0.0,-0.12913162
302137,mscoco,1.75,1.4201572
144,drawbench,1.0,0.82828486
404766,mscoco,-0.1875,-0.274503
322937,mscoco,-0.1666666666666666,-0.27866542
245902,mscoco,1.0,0.6219156
27528,mscoco,-0.75,0.21317446
254392,mscoco,0.5357142857142857,0.43113542
34827,mscoco,1.25,-0.024947107
291752,mscoco,1.0,0.9181948
126895,mscoco,0.0,-0.36177003
312316,mscoco,-0.75,1.0357723
439657,mscoco,1.3333333333333337,0.7885263
438446,mscoco,0.0,-0.19264758
470932,mscoco,1.0,0.2402252
500829,mscoco,2.0,1.436367
53550,mscoco,1.0,0.3278122
395340,mscoco,1.25,1.4988854
257983,mscoco,0.625,0.55184436
573052,mscoco,1.125,0.6365516
475457,mscoco,1.2666666666666666,0.22426748
75,drawbench,1.5,1.033922
11288,mscoco,-0.1666666666666666,-0.3349663
276852,mscoco,0.3333333333333333,0.80313146
557780,mscoco,1.1666666666666663,-0.0029857159
363165,mscoco,2.0,1.3808367
541880,mscoco,1.4166666666666663,1.3983741
313526,mscoco,-0.5833333333333333,-0.250966
214055,mscoco,1.5833333333333337,0.9953518
458675,mscoco,0.0,-0.29759198
175277,mscoco,1.0,1.1367798
295076,mscoco,0.4583333333333333,1.4362469
63075,mscoco,0.0,0.4420519
533159,mscoco,-0.3333333333333333,0.019951344
292810,mscoco,0.5,-0.00241369
333978,mscoco,0.6666666666666667,0.22046268
487264,mscoco,0.125,1.1314685
429074,mscoco,0.125,0.94160724
39789,mscoco,0.5,0.66589034
429353,mscoco,2.0,1.4151962
110683,mscoco,2.0,0.18741596
4132,mscoco,1.75,1.4871011
278134,mscoco,-0.375,-0.09427738
238709,mscoco,-0.3333333333333333,-0.2554875
485300,mscoco,1.0,0.369627
296620,mscoco,-0.5,-0.15113467
193077,mscoco,1.375,0.6768949
103,drawbench,0.0,-0.0789994
310749,mscoco,1.3333333333333333,1.5712614
293864,mscoco,1.6666666666666667,1.6085658
493806,mscoco,1.1666666666666663,1.1580331
39535,mscoco,-1.0,0.91789997
481252,mscoco,1.25,0.7654729
522535,mscoco,2.0,0.52435446
482765,mscoco,-0.65,0.71148217
81954,mscoco,1.0,0.33779037
333124,mscoco,1.1666666666666663,0.562626
529258,mscoco,-0.6666666666666666,0.046252966
2567,mscoco,-0.125,-0.21786767
53803,mscoco,1.0,0.57706356
172351,mscoco,-0.1666666666666666,-0.2926554
311251,mscoco,1.5,1.1080892
356869,mscoco,0.0,-0.043199718
203406,mscoco,-0.5,1.1683302
119870,mscoco,-0.25,-0.27957916
442125,mscoco,0.5833333333333334,0.8450769
530619,mscoco,-0.75,-0.27907002
73196,mscoco,1.5,1.413106
507714,mscoco,-1.0,0.53321266
376144,mscoco,1.3333333333333333,0.4133172
211063,mscoco,-0.75,0.4141009
436799,mscoco,-0.3333333333333333,0.46779525
204256,mscoco,0.5,-0.06951934
314048,mscoco,-0.4166666666666666,-0.3253427
447009,mscoco,-0.2916666666666666,-0.1625663
455079,mscoco,-0.369047619047619,0.027490377
157617,mscoco,0.0,-0.16017729
546877,mscoco,1.25,1.7543321
41392,mscoco,0.25,0.20203221
556462,mscoco,1.125,1.3306241
80053,mscoco,1.0,0.12371957
553304,mscoco,-0.125,0.08964908
102,drawbench,-0.3333333333333333,-0.19305539
463168,mscoco,0.0,-0.05670643
398463,mscoco,-0.1666666666666666,-0.14531195
454916,mscoco,-0.3333333333333333,-0.321863
317022,mscoco,-0.5,-0.33354855
61943,mscoco,1.0,1.052314
543521,mscoco,-0.25,-0.3058492
509490,mscoco,1.0,-0.012536347
413970,mscoco,1.0,0.17157626
67331,mscoco,-0.25,0.38242698
230669,mscoco,1.0,0.83120227
487266,mscoco,-0.1666666666666666,-0.23768026
525024,mscoco,0.25,0.6611718
14257,mscoco,-0.5,-0.047007322
478240,mscoco,0.5666666666666667,0.84286606
7211,mscoco,1.75,0.94587505
23250,mscoco,-0.1666666666666666,-0.27657926
3590,mscoco,-0.25,0.28314614
580511,mscoco,1.375,1.2258158
40658,mscoco,1.5,1.4472213
322350,mscoco,-0.2916666666666666,0.8603898
125635,mscoco,1.5833333333333337,1.0355043
283631,mscoco,2.0,1.5637746
528729,mscoco,-0.8,0.15679634
167021,mscoco,1.0,0.17848969
140100,mscoco,1.2916666666666663,1.6307919
252213,mscoco,1.0,0.11646378
501364,mscoco,0.0,-0.22752452
580390,mscoco,-0.4285714285714285,0.3082049
463859,mscoco,0.5,0.8159914
391657,mscoco,1.3333333333333337,1.3904207
391415,mscoco,1.0,1.1302557
333099,mscoco,1.125,0.2784946
405574,mscoco,0.0,0.027338743
575823,mscoco,0.0,-0.0071960688
57088,mscoco,1.4166666666666663,1.5330973
226957,mscoco,0.1666666666666666,0.36719894
184329,mscoco,1.625,1.2833924
550324,mscoco,1.75,1.3708706
575174,mscoco,-0.1666666666666666,-0.3818738
24380,mscoco,1.25,1.4597728
506394,mscoco,1.3333333333333333,0.6514436
195463,mscoco,0.25,-0.17500561
308892,mscoco,-0.5208333333333333,0.28356123
361913,mscoco,0.0,-0.13692147
293532,mscoco,1.8333333333333333,0.8519938
338118,mscoco,1.1666666666666663,0.57469594
521250,mscoco,1.25,1.192009
85353,mscoco,0.25,0.096062064
35951,mscoco,0.125,1.0839868
16764,mscoco,1.2,0.9074912
397427,mscoco,0.25,-0.17530537
515561,mscoco,-0.1666666666666666,0.14402115
366829,mscoco,0.0,-0.19604594
432410,mscoco,0.0,0.22208679
61972,mscoco,-0.625,1.0310926
499054,mscoco,1.3333333333333333,0.8569083
569021,mscoco,-0.3333333333333333,-0.317078
9029,mscoco,0.25,0.13959873
18373,mscoco,1.0,0.44949687
336001,mscoco,1.75,0.1973927
461475,mscoco,-0.5,0.2875421
388841,mscoco,-0.4166666666666666,0.34178925
284940,mscoco,-0.5,-0.17318797
394759,mscoco,1.25,0.43275452
358411,mscoco,0.1666666666666666,0.18455327
284421,mscoco,0.0,-0.21437776
237716,mscoco,0.25,0.54657483
167520,mscoco,1.0,0.5117259
568611,mscoco,0.0,0.7680968
159356,mscoco,-0.3333333333333333,0.28366554
301261,mscoco,-0.3333333333333333,-0.16765743
113787,mscoco,0.1666666666666666,0.34065557
375809,mscoco,1.0,0.31826282
64460,mscoco,0.0,0.32020068
470799,mscoco,0.5,1.0201125
382046,mscoco,0.8333333333333334,0.72328234
170974,mscoco,-0.3333333333333333,-0.37035656
562160,mscoco,1.0,0.39118862
562248,mscoco,0.0,0.31787705
96638,mscoco,0.0,0.6766013
164234,mscoco,0.125,-0.0702101
278962,mscoco,1.0,1.1146026
553248,mscoco,1.8333333333333333,1.2846036
523371,mscoco,1.0,0.27157545
141283,mscoco,0.0,-0.25249207
320292,mscoco,1.1666666666666663,0.53375983
269588,mscoco,0.0,0.013357997
113594,mscoco,0.0,-0.18817812
349622,mscoco,-0.1666666666666666,-0.3266698
215226,mscoco,-0.3333333333333333,-0.0027244687
78371,mscoco,1.2666666666666666,0.71595764
451972,mscoco,1.1666666666666663,1.270927
163,drawbench,2.0,0.8148366
150360,mscoco,1.1666666666666663,0.20703185
138567,mscoco,-0.5,0.059147596
383220,mscoco,1.6666666666666663,0.8853698
557272,mscoco,0.3333333333333333,0.3297975
17073,mscoco,0.0,-0.16536713
441083,mscoco,0.875,1.2468348
109750,mscoco,-0.6666666666666666,1.4225426
20279,mscoco,1.0,0.32744908
324845,mscoco,1.125,1.3290613
303520,mscoco,0.0,0.30242252
363136,mscoco,-0.3333333333333333,0.0909431
161622,mscoco,-0.375,-0.1517598
315242,mscoco,-0.5833333333333333,-0.37665337
418723,mscoco,0.0,-0.06171429
65440,mscoco,-0.2,-0.28801465
111907,mscoco,-0.5,-0.3287655
465140,mscoco,1.4166666666666663,0.8353653
21083,mscoco,1.0,1.0383675
200202,mscoco,-1.0,0.31019616
215320,mscoco,-1.0,0.436543
28978,mscoco,-0.5,0.4360801
281427,mscoco,1.5,0.455145
357663,mscoco,1.1666666666666663,0.6804944
186171,mscoco,1.5,0.15276575
386788,mscoco,1.0,0.09774268
492363,mscoco,1.5833333333333337,0.93192506
486547,mscoco,1.3333333333333333,1.4471216
516570,mscoco,-0.25,-0.41042638
152662,mscoco,1.3333333333333337,1.420857
415280,mscoco,1.0,-0.05138421
397404,mscoco,1.0,1.1300409
488801,mscoco,0.125,-0.057881594
544956,mscoco,-0.3333333333333333,-0.17517042
576859,mscoco,1.0833333333333337,1.2229295
280370,mscoco,0.0,0.069193244
310853,mscoco,-0.3333333333333333,-0.11381328
363527,mscoco,1.5666666666666669,1.501529
47548,mscoco,0.0,-0.14237988
542313,mscoco,0.375,0.03174138
183386,mscoco,-0.1666666666666666,0.32234263
131101,mscoco,-0.2,-0.18539613
130981,mscoco,0.0,0.39309788
443547,mscoco,-0.3333333333333333,-0.12675905
103978,mscoco,1.0,0.51172197
7669,mscoco,1.7083333333333337,1.4521139
111245,mscoco,1.0,1.2938366
326948,mscoco,2.0,1.4441497
486807,mscoco,0.0,0.27395892
303652,mscoco,1.25,1.0210819
173547,mscoco,1.3333333333333333,1.0582991
325239,mscoco,0.3333333333333333,0.4952166
353357,mscoco,1.125,0.7988539
426429,mscoco,0.4333333333333333,1.1681566
261207,mscoco,-0.45,0.593191
461506,mscoco,0.0,0.051552773
44856,mscoco,-0.3333333333333333,0.110658646
180817,mscoco,-0.125,-0.01224041
390435,mscoco,0.0,0.09625065
49648,mscoco,0.0,-0.2962612
172498,mscoco,1.25,1.4274921
67126,mscoco,-1.0,-0.13459098
478029,mscoco,0.4166666666666667,1.4679534
508567,mscoco,1.625,0.8798201
81,drawbench,-0.5,0.21944737
109355,mscoco,1.0,1.5488973
48935,mscoco,1.5,0.89575577
84886,mscoco,1.3333333333333337,1.1858034
217271,mscoco,-0.3333333333333333,-0.12265301
480140,mscoco,1.0,0.63747394
327105,mscoco,1.3333333333333337,0.92670655
55768,mscoco,1.4166666666666663,1.5427964
129030,mscoco,-0.4166666666666666,-0.025847614
565387,mscoco,1.0,0.5950055
553501,mscoco,1.2833333333333332,0.7172792
170193,mscoco,0.0,-0.1676203
199,drawbench,1.0,0.9115113
65162,mscoco,-0.2,-0.09184885
334542,mscoco,1.3333333333333333,0.7846235
185559,mscoco,1.0,0.6378324
134066,mscoco,1.0,1.1760576
19318,mscoco,0.0,-0.1582501
122896,mscoco,-0.125,0.13719499
484175,mscoco,-0.6666666666666666,0.26360798
550049,mscoco,-0.125,-0.12428951
558966,mscoco,0.5,0.37906706
303177,mscoco,1.75,0.8228468
300047,mscoco,0.375,1.2219713
281977,mscoco,0.0,0.4786892
100169,mscoco,0.0,-0.3568368
35217,mscoco,1.125,1.1509683
195863,mscoco,1.0,0.4759097
55753,mscoco,1.575,0.8001245
189504,mscoco,-0.25,-0.23426527
257236,mscoco,-0.5,-0.09129679
15830,mscoco,0.375,0.3098495
382423,mscoco,0.0,-0.2228347
182,drawbench,1.1666666666666663,0.7411864
261431,mscoco,1.575,0.8317853
286021,mscoco,2.0,1.0892398
179,drawbench,0.0,0.6849272
20145,mscoco,1.75,1.4332333
545274,mscoco,0.0999999999999999,0.1313169
93,drawbench,0.0,-0.14072233
254726,mscoco,2.0,0.30154943
182125,mscoco,-0.4166666666666666,-0.01575321
46055,mscoco,1.25,0.8216238
336933,mscoco,1.1666666666666663,1.3707201
175597,mscoco,-0.125,0.47479153
370157,mscoco,0.0,0.45293045
361356,mscoco,0.5833333333333334,0.6674278
452806,mscoco,-0.1666666666666666,-0.3010102
136,drawbench,0.0,0.645597
191314,mscoco,-0.375,-0.059411883
26,drawbench,1.0,0.9889549
24414,mscoco,0.0,-0.04942763
499634,mscoco,1.8333333333333333,1.24138
13482,mscoco,1.0,0.79319715
267861,mscoco,1.2916666666666663,0.8502157
498967,mscoco,1.5,1.0843935
247979,mscoco,1.0,1.0692966
438196,mscoco,-0.5,0.47944665
230700,mscoco,0.8333333333333334,0.8327415
22660,mscoco,1.1666666666666663,0.94142175
227982,mscoco,0.3,0.38605773
134807,mscoco,-0.3333333333333333,-0.12704134
209788,mscoco,1.25,0.5796945
139518,mscoco,0.0,-0.16848695
232625,mscoco,0.0,0.04467106
423875,mscoco,-0.25,0.15272868
87878,mscoco,-0.3571428571428571,0.52231956
55,drawbench,0.6666666666666666,0.98862267
315273,mscoco,1.7083333333333337,0.91870093
118968,mscoco,1.75,0.91493344
426459,mscoco,0.5833333333333334,0.77973986
310695,mscoco,1.0,0.68323755
266912,mscoco,-0.5,0.18519592
70187,mscoco,0.0,0.92049026
75352,mscoco,1.8333333333333333,1.7031908
485187,mscoco,1.5833333333333337,0.88167167
446310,mscoco,1.0,0.60621476
172702,mscoco,1.0,0.10291433
41838,mscoco,-0.6,0.00071418285
348083,mscoco,0.1666666666666666,0.89358056
465198,mscoco,0.0,-0.26503277
458123,mscoco,1.5,1.3036594
215558,mscoco,1.0,0.85036516
201019,mscoco,0.25,0.51702774
153921,mscoco,0.0,0.27166033
345389,mscoco,0.0,0.20994127
359066,mscoco,-0.1666666666666666,0.048792362
22102,mscoco,-0.5,-0.07431996
194419,mscoco,2.0,1.5335689
391053,mscoco,1.6666666666666663,0.8286829
20171,mscoco,1.2,1.0312648
538001,mscoco,-0.5,0.5617697
575490,mscoco,0.0,-0.12684584
75427,mscoco,2.0,1.2632871
510564,mscoco,1.6666666666666667,1.1577821
58117,mscoco,0.0,0.59230554
294416,mscoco,0.5,0.11338949
525176,mscoco,0.8333333333333334,0.8649576
316522,mscoco,1.1666666666666663,1.3154683
198832,mscoco,1.1666666666666663,0.43805802
378022,mscoco,0.5,-0.12130779
306037,mscoco,0.75,0.40078712
51021,mscoco,0.1666666666666666,0.73097897
225392,mscoco,0.1666666666666666,0.30217016
543490,mscoco,1.5,1.1282284
305117,mscoco,-0.1666666666666666,-0.07291108
519387,mscoco,0.0,-0.16902286
98501,mscoco,0.5,0.97968805
249791,mscoco,1.4166666666666663,1.209405
327664,mscoco,2.0,0.9199822
22,drawbench,0.25,0.47378457
225654,mscoco,-0.625,-0.35481727
47700,mscoco,1.75,1.4177046
77159,mscoco,1.0,0.82269156
501773,mscoco,-0.525,1.0707016
355137,mscoco,1.0,0.7878071
476055,mscoco,1.625,0.96566296
446898,mscoco,0.0,0.54905975
336645,mscoco,0.0,-0.23808974
57242,mscoco,0.0,0.35058355
137178,mscoco,-0.75,-0.29566228
113113,mscoco,1.625,1.6270256
403028,mscoco,1.5,1.3985138
346795,mscoco,0.5,0.20177162
145682,mscoco,1.6666666666666667,1.1191652
418791,mscoco,1.3333333333333333,1.241853
107838,mscoco,1.25,1.3301225
149577,mscoco,1.6666666666666667,1.7795677
10,drawbench,0.25,1.2041984
544614,mscoco,-0.4166666666666666,0.7701051
419150,mscoco,-1.0,0.35711432
496783,mscoco,0.0,0.1620202
195062,mscoco,-0.25,0.0719583
183481,mscoco,-0.5,0.022965789
495288,mscoco,0.5,0.21887541
162,drawbench,1.25,0.7229849
99321,mscoco,1.0,0.9210303
502637,mscoco,-0.6666666666666666,0.31110024
136458,mscoco,0.0,0.2237947
113333,mscoco,0.65,0.973853
473448,mscoco,1.75,0.9723799
450598,mscoco,1.0,0.6944003
474157,mscoco,0.6666666666666667,0.73619425
74499,mscoco,1.2,1.3322651
107610,mscoco,1.8333333333333333,1.1164365
200959,mscoco,-0.3333333333333333,0.13808608
463430,mscoco,1.475,1.4239855
512509,mscoco,1.0,0.28186035
458921,mscoco,0.2,0.65947413
282667,mscoco,1.1666666666666663,0.16161561
448771,mscoco,-0.6666666666666666,0.6059841
293598,mscoco,0.5,1.1820354
541193,mscoco,1.0,0.6063752
356569,mscoco,0.0,-0.42925197
334513,mscoco,1.375,1.150845
430167,mscoco,-0.6,-0.16584677
513125,mscoco,1.0,1.0258512
356257,mscoco,-0.8333333333333333,0.49096012
364010,mscoco,1.2142857142857144,0.5434065
148542,mscoco,0.3333333333333333,0.7163069
82405,mscoco,1.3333333333333333,0.8270525
70755,mscoco,0.4166666666666666,0.26299298
118927,mscoco,-0.75,0.5159917
508915,mscoco,0.0,-0.26877666
491739,mscoco,-0.1666666666666666,-0.07979864
147546,mscoco,1.4285714285714284,1.2917805
262213,mscoco,0.5,0.17433786
415728,mscoco,-0.5,-0.08961308
506873,mscoco,0.375,0.38228226
538210,mscoco,0.25,0.9924761
581127,mscoco,0.1666666666666666,0.51229763
110013,mscoco,-0.5,0.5364727
502286,mscoco,0.0,0.052343607
99425,mscoco,1.0,0.1922071
103042,mscoco,1.7916666666666663,0.23996234
360440,mscoco,0.25,0.7819481
409668,mscoco,1.9,1.2734838
421639,mscoco,0.0,0.19778752
277717,mscoco,0.1666666666666666,0.16013718
113851,mscoco,0.0,0.066319704
380100,mscoco,0.1666666666666666,0.311082
68601,mscoco,1.875,0.3279686
82229,mscoco,0.0,0.4932928
263462,mscoco,1.0,-0.17788112
352495,mscoco,-0.2708333333333333,-0.18827903
64339,mscoco,0.0,0.9669275
11156,mscoco,0.25,-0.10464162
334872,mscoco,1.0,0.37071693
477820,mscoco,2.0,1.156065
283884,mscoco,1.3333333333333333,1.3756948
418868,mscoco,-0.6666666666666666,0.08314061
350309,mscoco,1.0,1.198441
14537,mscoco,-0.3333333333333333,-0.22486675
575040,mscoco,0.0,0.7183378
449455,mscoco,1.75,1.1976585
211686,mscoco,1.25,0.12569785
154745,mscoco,1.8166666666666669,1.1830349
152084,mscoco,0.375,0.104474664
536390,mscoco,1.0,0.17900634
235906,mscoco,-0.75,0.5453633
526126,mscoco,-0.6666666666666666,-0.35662115
3711,mscoco,1.25,0.9912827
275938,mscoco,1.0,0.37870085
180130,mscoco,0.5,0.44352007
401037,mscoco,0.6666666666666666,0.54992807
348816,mscoco,-1.0,0.7337067
358300,mscoco,1.0,0.7588899
226577,mscoco,0.25,0.22788572
425100,mscoco,-0.125,-0.30015314
11184,mscoco,0.25,0.43296254
391972,mscoco,1.8333333333333333,1.443552
578072,mscoco,-0.5,0.040454984
558798,mscoco,1.5833333333333337,1.3259535
353559,mscoco,1.625,1.119308
291117,mscoco,-1.0,0.9569411
372201,mscoco,1.0,0.57658744
204085,mscoco,1.1875,1.1910965
218965,mscoco,-0.5833333333333333,0.7584193
343012,mscoco,1.3333333333333333,0.6306218
271941,mscoco,1.0,0.07821405
230141,mscoco,0.0,1.2950373
58232,mscoco,-0.1875,0.5685319
175437,mscoco,-0.2916666666666666,0.11904681
541010,mscoco,0.375,0.013325334
140,drawbench,0.0,0.9400661
170558,mscoco,-0.1666666666666666,0.08665466
148267,mscoco,-0.4285714285714285,-0.41882908
531896,mscoco,0.0,-0.2818718
153620,mscoco,-0.5,-0.31357217
450,mscoco,1.4166666666666663,1.434283
186605,mscoco,-0.375,0.07733917
188845,mscoco,0.0,-0.37206984
442400,mscoco,0.25,0.12197101
493416,mscoco,1.0,-0.11329621
239532,mscoco,-0.6,0.35886443
5862,mscoco,0.5,0.24937081
194744,mscoco,1.5,1.1550236
570512,mscoco,-0.3333333333333333,-0.4267491
18191,mscoco,1.1666666666666663,0.8953147
346093,mscoco,0.5,0.19911432
549978,mscoco,1.0,0.34534037
114468,mscoco,0.0,0.45707512
45490,mscoco,1.1666666666666663,1.2196486
99701,mscoco,0.3999999999999999,0.48585224
228336,mscoco,1.4107142857142856,0.8601881
442148,mscoco,1.0,0.6154375
155,drawbench,1.0,0.21948147
539287,mscoco,-0.4166666666666666,0.18286848
151466,mscoco,1.3333333333333337,1.3295164
329908,mscoco,1.125,0.7776127
384986,mscoco,-0.6666666666666667,0.3969519
444801,mscoco,-0.5,-0.30876577
223875,mscoco,-1.0,-0.24154842
84493,mscoco,2.0,1.6862857
484206,mscoco,0.125,0.84807956
223869,mscoco,1.7857142857142856,1.4482448
13800,mscoco,0.0,0.7522559
62250,mscoco,1.125,0.6537254
401092,mscoco,1.5,0.99592185
407626,mscoco,1.25,1.0710623
479866,mscoco,-0.3333333333333333,-0.35608798
579247,mscoco,1.0,0.4533764
432832,mscoco,0.5,0.2986796
297695,mscoco,-0.1666666666666666,0.022918463
440793,mscoco,0.0,0.21689343
484338,mscoco,0.0,-0.25525194
28654,mscoco,-1.0,-0.14068407
372580,mscoco,0.0,0.26947153
53802,mscoco,0.0,-0.04901117
72792,mscoco,0.0,0.9596534
185844,mscoco,1.3,0.9480555
355347,mscoco,-0.55,-0.36011022
55237,mscoco,-0.5,0.056312323
167910,mscoco,1.3666666666666667,1.0433998
398527,mscoco,1.3333333333333333,1.5195992
484666,mscoco,-0.25,0.18684876
399461,mscoco,1.2,1.5827894
71220,mscoco,1.5,1.0834601
430391,mscoco,1.8333333333333333,1.0677719
81166,mscoco,-0.5,-0.28321993
11690,mscoco,0.5,0.5147582
74570,mscoco,1.0,0.5293994
495609,mscoco,1.3333333333333337,0.778468
286874,mscoco,1.3333333333333337,0.86301017
310562,mscoco,0.0,0.71121967
49946,mscoco,1.0,0.41786528
546114,mscoco,1.0,1.061749
229052,mscoco,-0.45,-0.1515274
218294,mscoco,-0.1,-0.26091045
262235,mscoco,-0.2125,-0.16411906
53229,mscoco,-1.0,0.7398256
447209,mscoco,-0.35,0.16218638
166096,mscoco,1.1666666666666663,1.3921518
70363,mscoco,0.3928571428571429,0.75288725
23355,mscoco,1.0,0.6483551
269886,mscoco,0.1666666666666666,1.1949949
237445,mscoco,1.238095238095238,1.4117489
63835,mscoco,0.0,0.26012194
272255,mscoco,0.0,0.21426761
373414,mscoco,0.5,0.35983717
466827,mscoco,0.25,0.49149394
506026,mscoco,-0.5,-0.0209198
262145,mscoco,0.6666666666666666,1.1261871
40210,mscoco,0.25,0.9237275
281652,mscoco,1.5,1.1456048
280808,mscoco,1.5833333333333337,1.2885156
244549,mscoco,-0.6571428571428571,0.80025434
179504,mscoco,-0.875,-0.40411842
177353,mscoco,1.0,0.39575052
298830,mscoco,0.5,1.0981002
126182,mscoco,0.5,1.0877981
112904,mscoco,1.6666666666666663,0.58833873
211080,mscoco,1.0,0.038082004
526729,mscoco,0.0,0.25914955
474180,mscoco,1.0,1.2174108
466083,mscoco,-0.125,-0.20826912
154,drawbench,1.5,0.8795079
183805,mscoco,-0.1666666666666666,-0.34535372
185571,mscoco,1.0,0.42027318
27471,mscoco,0.0,-0.21391892
21504,mscoco,-0.1666666666666666,0.0987941
422676,mscoco,-0.25,0.27293086
452930,mscoco,1.0,0.432665
473500,mscoco,1.2666666666666666,0.051998615
32708,mscoco,-0.6666666666666666,-0.3208791
578255,mscoco,0.0,0.04297757
249792,mscoco,-0.25,0.08201933
188795,mscoco,2.0,1.3319621
299205,mscoco,-0.1666666666666666,0.36007905
404406,mscoco,0.1666666666666666,0.34656453
145690,mscoco,-0.875,0.09380329
400332,mscoco,-0.3333333333333333,-0.18423688
202810,mscoco,2.0,1.3356149
52,drawbench,-1.0,-0.21526235
225700,mscoco,1.0,1.2607775
273106,mscoco,1.1833333333333331,0.72032666
394840,mscoco,-0.325,0.30890203
323810,mscoco,1.5833333333333337,1.661449
174892,mscoco,1.5,1.0917964
365507,mscoco,1.0,0.7144015
531963,mscoco,1.0,0.13543296
214127,mscoco,1.0,0.5295347
230991,mscoco,0.6666666666666666,0.6122633
552962,mscoco,1.0,1.314549
534565,mscoco,1.0,0.27476
423647,mscoco,-0.25,-0.35274535
48,drawbench,0.25,-0.09281528
50480,mscoco,0.25,0.31605983
138768,mscoco,1.25,1.102817
480482,mscoco,1.0,0.7387016
150024,mscoco,0.2833333333333334,0.96538043
94793,mscoco,-0.125,0.0040563345
378313,mscoco,-0.3333333333333333,0.07282138
504921,mscoco,2.0,1.8198669
292116,mscoco,-0.6666666666666666,-0.32142705
109012,mscoco,-0.5857142857142856,1.1806619
504657,mscoco,0.3333333333333333,1.3786457
72850,mscoco,0.5,-0.16795301
273316,mscoco,-0.5,-0.43810236
354261,mscoco,1.325,1.2698889
54437,mscoco,1.5,0.6743028
249251,mscoco,0.25,0.2662735
99747,mscoco,1.0,0.20382571
23976,mscoco,1.775,0.6328635
295295,mscoco,-1.0,0.48863864
32712,mscoco,-0.6666666666666666,-0.4362024
4616,mscoco,-0.4,-0.14687765
529096,mscoco,0.75,0.72919405
537349,mscoco,1.3333333333333333,0.68367016
367853,mscoco,1.3333333333333337,1.5075197
323231,mscoco,1.0,0.2621807
385317,mscoco,1.25,1.1503053
284192,mscoco,-0.25,-0.2542187
384790,mscoco,2.0,1.4617462
237758,mscoco,1.3333333333333337,0.909179
201134,mscoco,1.5,0.47596192
33,drawbench,0.25,1.0372937
220118,mscoco,1.4583333333333337,1.1091223
182118,mscoco,-0.4,-0.18932933
101569,mscoco,-0.1666666666666666,-0.2645111
111754,mscoco,-0.25,0.22650504
209920,mscoco,1.0,0.65551984
534426,mscoco,0.75,1.0074017
165298,mscoco,1.5,1.0768943
289007,mscoco,1.5,1.6539855
11796,mscoco,-0.1666666666666666,-0.3313079
537135,mscoco,1.2678571428571428,1.1943479
120977,mscoco,1.125,0.94734454
259103,mscoco,-0.4166666666666666,0.6847582
49073,mscoco,-0.6000000000000001,0.87249124
387855,mscoco,0.1666666666666666,0.93237877
252549,mscoco,0.0,-0.14603221
506232,mscoco,0.0,-0.13494289
178876,mscoco,-1.0,0.11449349
98709,mscoco,2.0,0.89515877
83328,mscoco,-0.875,1.1732261
467180,mscoco,1.5,0.096529245
362244,mscoco,1.4,1.3968673
382182,mscoco,1.0,0.91152096
79545,mscoco,-0.5,1.1615295
516233,mscoco,0.6666666666666666,0.72453284
544127,mscoco,0.75,0.64893806
97734,mscoco,1.75,1.162741
29752,mscoco,-0.1666666666666666,-0.06627065
412491,mscoco,-0.375,-0.09585917
111,drawbench,-0.3333333333333333,0.0179348
354929,mscoco,0.5,0.048287034
558242,mscoco,0.0,-0.15940845
462129,mscoco,-0.75,-0.08972317
462925,mscoco,0.25,1.5397248
45343,mscoco,1.2,0.9425609
538299,mscoco,0.25,0.2697239
245002,mscoco,-0.6,-0.2670126
259414,mscoco,-0.1428571428571428,-0.2028988
130314,mscoco,0.0,0.053293586
544120,mscoco,-0.0714285714285714,0.02610457
196510,mscoco,1.0,0.09162521
226197,mscoco,-0.1666666666666666,-0.42835605
500568,mscoco,-0.1666666666666666,0.24834776
351149,mscoco,0.2249999999999999,0.26055932
298600,mscoco,1.0,1.2525315
434027,mscoco,0.25,0.86153245
116851,mscoco,1.1666666666666663,0.6388924
364567,mscoco,0.3333333333333333,0.29281044
363957,mscoco,-0.75,-0.39615238
568974,mscoco,-0.5,0.069823265
223739,mscoco,1.0,0.30690217
59171,mscoco,0.25,0.499372
521218,mscoco,0.5,0.34605372
367329,mscoco,1.0,0.58399856
352061,mscoco,0.25,0.717795
484636,mscoco,1.25,0.5678288
264461,mscoco,-1.0,0.5482733
148165,mscoco,1.0,0.56251955
429593,mscoco,1.5,1.4910073
15757,mscoco,1.0,0.83343625
37032,mscoco,0.25,-0.08756971
99515,mscoco,0.0,0.19200969
501624,mscoco,-0.525,-0.19104022
91780,mscoco,0.0,0.30842757
473195,mscoco,0.5,1.2820759
200241,mscoco,-0.8333333333333333,0.4745326
20966,mscoco,0.3333333333333333,0.45241606
477005,mscoco,-0.125,-0.027356863
568281,mscoco,1.0,0.7219628
289075,mscoco,-0.3333333333333333,-0.3056246
315211,mscoco,1.25,0.2713487
370763,mscoco,0.1666666666666666,1.0290847
245337,mscoco,-0.1666666666666666,-0.27634162
359085,mscoco,0.75,0.6068574
151956,mscoco,1.0,1.2136126
442666,mscoco,-0.125,-0.27615005
139214,mscoco,0.3333333333333333,0.927479
112586,mscoco,1.0,-0.03483808
277080,mscoco,1.0,0.7477629
497261,mscoco,0.0,0.12751651
421314,mscoco,1.6666666666666667,1.1098042
9288,mscoco,-0.375,0.22850895
249587,mscoco,1.25,0.93455184
169179,mscoco,-0.3333333333333333,-0.2175079
446521,mscoco,-0.3333333333333333,0.03370571
203098,mscoco,1.0,0.9065943
83102,mscoco,2.0,1.2519808
105,drawbench,-0.1666666666666666,0.24191046
254989,mscoco,0.0,0.21390319
474528,mscoco,0.1666666666666666,-0.0063353777
523546,mscoco,0.0,0.02216518
371256,mscoco,1.5,1.473803
444453,mscoco,0.4166666666666667,0.54095876
127515,mscoco,-0.2,-0.21848392
15667,mscoco,1.3666666666666667,1.3891902
525851,mscoco,0.0,0.27750576
63777,mscoco,0.25,0.51629996
247422,mscoco,1.0,0.435498
227724,mscoco,-0.6666666666666666,0.47521377
419828,mscoco,-0.2083333333333333,0.30361438
123166,mscoco,-0.25,-0.33824915
146236,mscoco,-0.3333333333333333,-0.2770487
264406,mscoco,1.775,0.43946624
311709,mscoco,2.0,0.8586879
54086,mscoco,1.5,1.4673471
124729,mscoco,0.3333333333333333,0.6347785
521334,mscoco,1.0,0.43438053
400309,mscoco,0.1666666666666666,0.20522428
385601,mscoco,1.0,0.6278455
39978,mscoco,1.0,1.1424997
444949,mscoco,-0.6,0.025607586
428178,mscoco,0.375,-0.0149258375
120416,mscoco,-0.25,-0.019084513
52281,mscoco,1.0,0.3993641
187592,mscoco,-0.5,0.2993816
98478,mscoco,0.1666666666666666,0.37393355
471599,mscoco,0.4166666666666667,0.6392703
136232,mscoco,1.8333333333333333,1.3973789
270740,mscoco,-0.2916666666666666,-0.4139986
310536,mscoco,-1.0,0.45509446
469515,mscoco,0.1666666666666666,0.4075662
251252,mscoco,1.4166666666666663,0.75429094
560646,mscoco,-0.6428571428571428,-0.21813625
36029,mscoco,-0.6666666666666666,0.81941676
302216,mscoco,1.6666666666666667,1.2948613
178156,mscoco,1.3333333333333337,0.9289398
535604,mscoco,1.5833333333333337,1.5767322
462577,mscoco,0.25,0.4937749
360585,mscoco,0.2,0.3125806
336764,mscoco,1.1666666666666663,0.98880863
277237,mscoco,-0.4166666666666666,-0.09851372
11326,mscoco,1.0,1.12005
243443,mscoco,0.0999999999999999,0.80086553
97724,mscoco,-0.1666666666666666,-0.32451475
248753,mscoco,1.1666666666666663,1.2346778
331676,mscoco,-0.1,0.7417259
169500,mscoco,1.0,0.5610274
475035,mscoco,-0.3666666666666667,-0.27397448
383923,mscoco,-0.6666666666666666,0.63686204
330229,mscoco,-0.5833333333333333,0.56292355
259421,mscoco,1.3333333333333333,1.000479
453558,mscoco,1.0,1.2969918
47632,mscoco,1.0,0.44619
556406,mscoco,-1.0,0.56280684
205563,mscoco,2.0,1.2867794
358287,mscoco,1.125,1.5405846
172727,mscoco,1.4,0.98955286
274148,mscoco,-0.1666666666666666,-0.30459213
395957,mscoco,0.5,0.9580023
27656,mscoco,1.9,1.6119874
535663,mscoco,-1.0,0.4755895
59012,mscoco,-0.6666666666666666,-0.17736578
338732,mscoco,-0.55,0.24304128
34800,mscoco,-0.6,-0.32645535
78290,mscoco,0.0,0.085243225
34235,mscoco,-0.6666666666666666,-0.12862664
149993,mscoco,0.25,0.56605995
92,drawbench,-1.0,0.6385684
289739,mscoco,-0.75,0.6329045
11,drawbench,0.0,1.0639465
394681,mscoco,1.0,0.94015014
404984,mscoco,0.1666666666666666,0.51602995
95777,mscoco,1.8333333333333333,1.5141618
516158,mscoco,0.5,0.5218117
223569,mscoco,1.0,0.30550003
107782,mscoco,-0.25,-0.18584502
98881,mscoco,-0.8333333333333333,-0.07625294
94045,mscoco,1.625,0.71797526
498015,mscoco,-0.1666666666666666,-0.32191682
451172,mscoco,0.0,0.1793673
535211,mscoco,-0.125,0.03485632
18476,mscoco,-0.5,0.09774411
275930,mscoco,1.0,0.3049363
507434,mscoco,1.1666666666666663,0.84499395
29122,mscoco,-0.625,0.41807902
116204,mscoco,1.25,1.0723236
274815,mscoco,0.5333333333333333,0.81658506
507215,mscoco,1.0,0.23452854
559658,mscoco,0.4880952380952381,1.029921
344157,mscoco,1.0,0.47972786
327768,mscoco,1.25,1.2291937
35424,mscoco,0.5,0.4143492
412698,mscoco,1.8333333333333333,1.3031721
502588,mscoco,1.1666666666666663,1.3524442
515527,mscoco,-0.25,-0.36692023
382958,mscoco,-0.4166666666666666,0.06545603
166975,mscoco,-0.1666666666666666,0.6126776
397640,mscoco,-0.6333333333333333,0.14988482
462880,mscoco,1.75,1.3773332
104808,mscoco,1.1666666666666663,1.2407842
30235,mscoco,0.5,0.9376521
513219,mscoco,1.1,1.183794
63,drawbench,-1.0,-0.06113112
245771,mscoco,-0.25,0.80588806
1375,mscoco,0.5,-0.117161274
167479,mscoco,1.25,0.13666701
124874,mscoco,1.1666666666666667,1.4117651
506901,mscoco,1.0,0.7138797
519754,mscoco,-0.3333333333333333,0.30970812
336457,mscoco,1.6666666666666663,0.8604871
290974,mscoco,0.0,0.8813869
18918,mscoco,1.0,1.029727
153140,mscoco,2.0,1.5895591
83481,mscoco,0.0,0.5888314
204473,mscoco,0.25,0.16117108
419074,mscoco,1.1,0.71937656
261235,mscoco,0.5,0.37624788
338971,mscoco,-0.125,0.51464605
223183,mscoco,1.5,0.43251824
450711,mscoco,-0.375,-0.15955466
490187,mscoco,1.55,1.3856251
564602,mscoco,1.0,0.25403357
452201,mscoco,0.0,-0.1315692
443334,mscoco,2.0,0.84689474
18075,mscoco,-0.25,0.23581243
50,drawbench,1.0,-0.08239722
86,drawbench,1.0,0.20402217
171808,mscoco,0.0,-0.22079146
572487,mscoco,-0.1666666666666666,0.2651825
566765,mscoco,0.25,0.2198621
163514,mscoco,1.3,0.8527273
311128,mscoco,1.4166666666666663,1.2205949
520858,mscoco,0.25,0.7044405
271051,mscoco,0.0,0.9675412
532933,mscoco,1.0,0.79058576
475974,mscoco,-0.3333333333333333,0.19492221
206731,mscoco,-0.45,0.430431
450212,mscoco,1.6666666666666667,1.2846014
188478,mscoco,-0.375,0.19559598
463944,mscoco,1.0,0.57999444
521657,mscoco,1.6166666666666667,1.6281135
310511,mscoco,-0.1666666666666666,-0.3118624
24859,mscoco,-0.25,0.09642482
402662,mscoco,0.0,0.13094568
109791,mscoco,1.0,0.28128827
62,drawbench,0.25,0.7351568
298190,mscoco,-0.5833333333333333,0.21937263
86065,mscoco,-0.1666666666666666,-0.10747886
127726,mscoco,-0.6666666666666666,-0.093446255
572825,mscoco,0.4166666666666667,0.15814543
246009,mscoco,0.0,0.093042135
517906,mscoco,-0.2666666666666666,-0.2639631
265256,mscoco,1.0,0.08441424
373038,mscoco,0.0,0.20766187
53720,mscoco,-0.25,-0.2562564
514116,mscoco,0.75,0.2733109
395396,mscoco,-0.6666666666666666,0.19720685
118851,mscoco,1.5833333333333337,0.28242517
198625,mscoco,0.0,-0.23063159
53,drawbench,0.3333333333333333,0.081508994
99,drawbench,1.0,0.16995502
132656,mscoco,2.0,1.6861129
213276,mscoco,0.0,-0.28586912
123974,mscoco,-0.125,0.647642
131,drawbench,1.0,0.38565516
435096,mscoco,0.3,0.06800437
509764,mscoco,-0.3333333333333333,0.09766698
204273,mscoco,-0.1666666666666666,-0.118528485
299768,mscoco,0.5,0.42425704
135369,mscoco,0.25,0.42910922
508053,mscoco,-0.5,-0.290457
475413,mscoco,1.0,1.2096992
44328,mscoco,-0.1666666666666666,-0.17757118
127743,mscoco,-0.75,0.31225526
316842,mscoco,1.1666666666666663,0.9406085
131075,mscoco,1.0,0.37732983
323812,mscoco,-0.5,0.3163842
354212,mscoco,-0.0833333333333333,0.09950161
33645,mscoco,0.0,-0.3331821
285529,mscoco,1.2916666666666663,0.16388941
52669,mscoco,2.0,0.4758861
47328,mscoco,1.625,1.5307837
256513,mscoco,-1.0,0.49971342
561196,mscoco,1.0,0.54143286
411261,mscoco,1.625,1.2164278
578056,mscoco,-0.1964285714285714,-0.25639623
110926,mscoco,1.6428571428571428,1.513247
290175,mscoco,0.8333333333333334,1.0002205
295589,mscoco,-0.5,-0.26953697
442478,mscoco,-0.5952380952380952,-0.41718698
267598,mscoco,2.0,1.4627843
386424,mscoco,1.0,0.11320877
10727,mscoco,1.0,-0.12888217
7452,mscoco,1.0,0.20813906
322560,mscoco,1.3333333333333333,1.2938328
185849,mscoco,1.8333333333333333,1.0616395
459827,mscoco,0.0,0.07958257
415840,mscoco,1.5333333333333332,0.8875456
206274,mscoco,1.5,1.1494899
239888,mscoco,1.761904761904762,0.904426
120,drawbench,0.0,0.4085641
309169,mscoco,-0.125,-0.22413296
112996,mscoco,0.4166666666666667,0.39995193
459343,mscoco,0.3333333333333333,0.6672164
471488,mscoco,1.75,1.2906148
252919,mscoco,1.5,0.66999125
7945,mscoco,1.8333333333333333,1.3517833
162215,mscoco,1.0,0.5785098
193889,mscoco,1.2916666666666663,0.57808125
46,drawbench,0.25,0.00881362
30,drawbench,0.1666666666666666,0.86015165
386864,mscoco,0.25,0.12243533
232287,mscoco,1.0,0.9429672
241027,mscoco,0.3333333333333333,0.28540373
213795,mscoco,-0.75,0.6082308
12059,mscoco,1.0,0.7268094
162753,mscoco,0.0,-0.023530006
425458,mscoco,1.1666666666666663,1.5564494
368956,mscoco,1.0,0.20146191
496410,mscoco,0.0,0.35116124
532612,mscoco,1.657142857142857,1.4431198
230837,mscoco,-1.0,0.03196144
460882,mscoco,0.3333333333333333,-0.16972113
485852,mscoco,-0.5,0.22042131
72342,mscoco,1.342857142857143,1.555809
81017,mscoco,1.25,1.1724811
401828,mscoco,0.0,0.0057122707
554138,mscoco,0.25,0.03148067
321742,mscoco,1.0,0.6862172
574384,mscoco,1.3333333333333337,0.50120425
446557,mscoco,0.0,-0.25543022
253498,mscoco,0.25,0.74351597
448251,mscoco,1.5,0.72945905
116622,mscoco,-0.875,0.8402064
486899,mscoco,0.0,-0.13586539
59295,mscoco,0.0,1.0869541
289012,mscoco,-0.8,-0.21206534
435902,mscoco,0.375,0.8563111
480518,mscoco,-0.75,-0.2743432
39272,mscoco,1.0,0.4101212
558579,mscoco,-0.5,-0.16251314
143348,mscoco,-0.3333333333333333,-0.29245055
16961,mscoco,-0.4166666666666666,-0.19854361
489939,mscoco,1.0,0.3047011
185281,mscoco,2.0,0.6124432
500622,mscoco,0.0,-0.03768903
220772,mscoco,-0.4444444444444444,-0.3323574
550400,mscoco,0.4285714285714285,0.9664459
378906,mscoco,1.0,0.43902826
542111,mscoco,-0.5625,-0.28829998
3217,mscoco,0.3333333333333333,1.5682006
96625,mscoco,0.0,0.1941123
60328,mscoco,1.0,0.30681324
402287,mscoco,-0.5,0.057822704
517909,mscoco,-0.3333333333333333,-0.31033134
113233,mscoco,-0.75,-0.12084538
77181,mscoco,0.0,-0.13425708
371243,mscoco,1.3,0.06928325
146656,mscoco,1.5,1.2139406
430688,mscoco,0.5,0.7360097
143449,mscoco,1.8333333333333333,1.5812893
57433,mscoco,-0.3333333333333333,-0.054053366
298736,mscoco,0.0,-0.23765624
406550,mscoco,-0.45,0.26690006
561903,mscoco,-0.0833333333333333,0.20655453
227699,mscoco,0.25,0.77322507
59821,mscoco,1.2083333333333337,1.3924844
265612,mscoco,1.0,0.41073668
24591,mscoco,-0.25,0.5939863
71,drawbench,1.8333333333333333,0.99609816
35,drawbench,0.5,1.5440283
317833,mscoco,1.6,1.6782546
544583,mscoco,-0.3,-0.0601148
514544,mscoco,1.55,1.31178
160199,mscoco,-0.4166666666666666,0.97257185
156445,mscoco,1.0,1.0550845
46686,mscoco,1.1666666666666663,0.57650995
563457,mscoco,-0.3333333333333333,-0.2831428
520848,mscoco,0.0,0.14914513
433992,mscoco,0.375,0.6491325
415464,mscoco,0.0,-0.2224217
62543,mscoco,1.875,1.448075
123175,mscoco,1.8333333333333333,1.2465963
65383,mscoco,-0.3333333333333333,-0.10675883
544001,mscoco,0.0,-0.21999991
41104,mscoco,2.0,1.0203757
355193,mscoco,1.8333333333333333,1.6150217
500940,mscoco,1.625,1.0442934
429142,mscoco,-0.1,-0.22198182
125252,mscoco,1.1666666666666663,0.054467916
14683,mscoco,1.0,0.4094355
109,drawbench,-0.1666666666666666,0.2587366
391662,mscoco,-0.1666666666666666,-0.07127136
409131,mscoco,1.875,1.095993
478880,mscoco,0.0,0.18925321
230972,mscoco,1.1666666666666663,1.1120892
233093,mscoco,-0.875,-0.23405838
143,drawbench,0.75,0.78249454
59918,mscoco,1.1625,0.96638
575958,mscoco,1.225,0.55661356
381160,mscoco,-0.5,0.42142892
229067,mscoco,-0.25,0.06848788
412780,mscoco,1.6666666666666663,0.7931304
515655,mscoco,1.5833333333333337,0.99637854
385037,mscoco,-0.3333333333333333,-0.11464161
30281,mscoco,0.2142857142857143,1.1691041
85472,mscoco,1.5833333333333337,1.2971475
262146,mscoco,0.5,0.3860457
85155,mscoco,1.2999999999999998,1.5115068
406250,mscoco,1.3666666666666667,1.7586522
172143,mscoco,1.25,1.4245143
455667,mscoco,1.0,-0.06660056
169006,mscoco,1.7166666666666668,1.0938048
173109,mscoco,1.0,0.8653815
192322,mscoco,1.375,1.4351017
222266,mscoco,1.8333333333333333,1.30933
325806,mscoco,1.4166666666666663,1.2391117
449537,mscoco,-0.1666666666666666,0.35556078
145284,mscoco,1.5833333333333337,1.1394153
465058,mscoco,-0.3,-0.3424543
165893,mscoco,1.0,0.85097885
537157,mscoco,0.4,0.2700019
426323,mscoco,-0.1666666666666666,0.06432366
92280,mscoco,1.7857142857142856,1.2772107
319118,mscoco,0.0,0.58281267
234713,mscoco,-0.3333333333333333,0.6009712
379165,mscoco,1.3333333333333333,0.8453859
26551,mscoco,2.0,0.2741282
280242,mscoco,1.5,1.4261684
260307,mscoco,-0.125,0.23828197
433168,mscoco,-0.3,-0.09587026
319043,mscoco,1.25,1.1531098
381994,mscoco,1.1666666666666663,0.79519606
206044,mscoco,-0.6,-0.05839175
211312,mscoco,-0.125,0.20561814
42196,mscoco,0.3095238095238095,1.0586011
497096,mscoco,1.25,1.1383846
81,mscoco,1.6,1.301621
486123,mscoco,1.2916666666666663,0.75628996
322,mscoco,-0.25,-0.24379587
493294,mscoco,0.0,-0.28592998
187090,mscoco,-0.6666666666666666,-0.28171593
372902,mscoco,1.0,0.50800765
293979,mscoco,-0.25,-0.113386154
417090,mscoco,0.3333333333333333,0.21715474
422172,mscoco,1.0,0.8700886
280988,mscoco,0.0,-0.26151222
227558,mscoco,1.75,1.2231956
348006,mscoco,0.0,-0.026404262
166716,mscoco,-0.2916666666666666,0.25342536
124018,mscoco,1.6666666666666667,1.5628347
373792,mscoco,-0.25,0.6557059
334364,mscoco,0.0,0.30285788
196473,mscoco,0.6666666666666667,1.4288638
361866,mscoco,1.1666666666666663,1.1746087
468932,mscoco,-0.4,-0.20126945
447354,mscoco,1.0,0.6287528
85846,mscoco,0.0,0.927629
173631,mscoco,-0.0833333333333333,-0.24323565
266805,mscoco,-0.6666666666666666,-0.06733513
299662,mscoco,0.0,-0.051045775
569520,mscoco,-1.0,0.7739792
193,drawbench,1.6666666666666663,1.1816013
205356,mscoco,-0.3333333333333333,0.99084187
119,drawbench,-1.0,0.6450592
394814,mscoco,1.625,0.6860205
204940,mscoco,0.25,0.038649082
167740,mscoco,0.6785714285714286,0.86808944
544590,mscoco,0.0,0.8803663
344974,mscoco,1.1666666666666663,1.3151746
440434,mscoco,0.6666666666666667,0.7393491
30752,mscoco,0.1666666666666666,-0.08005309
288975,mscoco,-1.0,0.39916062
45966,mscoco,1.1833333333333331,0.47116852
136042,mscoco,0.4166666666666666,0.27063036
369514,mscoco,-0.75,0.38677764
483525,mscoco,0.375,1.2592194
280347,mscoco,1.8333333333333333,1.089309
411343,mscoco,0.2999999999999999,1.1956687
567803,mscoco,1.625,1.2074115
217458,mscoco,-0.5833333333333333,-0.02748555
166430,mscoco,1.1666666666666663,0.566831
556597,mscoco,1.6666666666666667,1.1501265
365556,mscoco,1.8333333333333333,1.0348482
20987,mscoco,-0.125,-0.3585084
162031,mscoco,2.0,1.0320172
485955,mscoco,0.3333333333333333,0.28664482
202307,mscoco,-0.375,-0.1857248
502126,mscoco,-0.4,0.5180185
10130,mscoco,0.0,-0.31704855
33489,mscoco,1.0,0.8742987
167152,mscoco,0.4,0.3697437
554207,mscoco,1.4,0.2329539
162827,mscoco,1.625,1.2766681
329217,mscoco,0.0,0.77566314
187194,mscoco,-0.25,-0.078877926
374357,mscoco,1.8,0.88488984
240976,mscoco,0.5,0.51813495
558171,mscoco,0.0,-0.29895008
126714,mscoco,-0.5833333333333333,-0.14989567
132652,mscoco,0.0,-0.14082211
87272,mscoco,-0.25,-0.15413123
18973,mscoco,1.0,0.98294425
214261,mscoco,1.45,0.6901175
44136,mscoco,-0.3,-0.23650742
204020,mscoco,0.0,-0.16342366
226848,mscoco,-0.4166666666666666,-0.3241861
303570,mscoco,-0.4166666666666666,0.07504618
399983,mscoco,-0.25,-0.14137214
168843,mscoco,1.0,-0.06967902
369074,mscoco,0.0,-0.025001884
364487,mscoco,1.0,0.4952309
232546,mscoco,-0.1666666666666666,0.09448147
159,drawbench,0.0,-0.100966275
329336,mscoco,-0.3333333333333333,0.45615876
229481,mscoco,-0.25,0.020059347
528575,mscoco,-0.25,0.3675692
3694,mscoco,-0.3333333333333333,-0.24729252
417016,mscoco,1.0,0.5450214
251418,mscoco,1.0,0.40063334
547866,mscoco,-0.8333333333333333,-0.37238765
166998,mscoco,-0.525,0.7931311
570864,mscoco,1.75,0.89908576
462445,mscoco,1.0,-0.04599279
300661,mscoco,-0.75,-0.17590582
169502,mscoco,-0.9166666666666669,0.23560607
66144,mscoco,1.375,0.99290085
269843,mscoco,1.0,0.73828423
54938,mscoco,-0.3333333333333333,-0.33919144
27390,mscoco,1.1,0.8007157
521978,mscoco,0.0,-0.30484235
429433,mscoco,1.0,0.3437996
134,drawbench,0.0,0.28677976
378621,mscoco,-1.0,-0.46262366
222948,mscoco,-1.0,0.47907567
77,drawbench,-0.3333333333333333,0.12379515
124903,mscoco,-1.0,-0.067804575
359375,mscoco,0.5,0.90564203
244760,mscoco,0.5,0.88774824
83097,mscoco,-0.225,0.17689633
337264,mscoco,0.5,0.11200309
145921,mscoco,2.0,0.92583394
422155,mscoco,1.0,0.6034478
451969,mscoco,-0.3,-0.14555883
484344,mscoco,1.5416666666666663,0.7799343
488952,mscoco,0.4,0.5523231
67163,mscoco,1.0,0.84356236
521068,mscoco,1.3333333333333337,1.1191142
424340,mscoco,-0.6666666666666666,-0.17980337
364491,mscoco,1.1666666666666663,1.1882329
556901,mscoco,0.5,0.85892
420826,mscoco,1.5,-0.018926859
283213,mscoco,-0.5,-0.31021845
214363,mscoco,-0.6666666666666666,-0.08850932
165350,mscoco,-0.2708333333333333,-0.053780198
79806,mscoco,0.0,-0.09965289
279175,mscoco,0.0,-0.17404485
200423,mscoco,-0.3333333333333333,-0.33676106
11041,mscoco,1.1,1.2425225
61377,mscoco,1.375,1.3772898
499094,mscoco,0.0,-0.22239828
65,drawbench,0.5,0.05596924
20542,mscoco,-0.6666666666666666,-0.20921993
295472,mscoco,0.0,-0.23391944
4471,mscoco,2.0,1.0033679
518816,mscoco,-0.5,0.6432718
267700,mscoco,0.0,1.1742392
436696,mscoco,-0.5,-0.4723267
477351,mscoco,-0.5833333333333333,-0.30764413
84084,mscoco,-0.1666666666666666,-0.25817877
492314,mscoco,0.0,0.55325186
13882,mscoco,0.25,0.43437004
125700,mscoco,1.5,1.2803638
370103,mscoco,1.2999999999999998,1.2684593
94,drawbench,0.0,1.0432007
137273,mscoco,0.5,0.7017518
106935,mscoco,0.0,1.1451154
797,mscoco,0.8333333333333334,0.940881
107362,mscoco,-0.25,-0.07205224
81128,mscoco,0.0,-0.11585754
442554,mscoco,1.0,0.8463421
19413,mscoco,1.0,1.1853509
7583,mscoco,1.0,-0.013974071
464634,mscoco,1.25,0.30148125
257788,mscoco,1.0,0.13017237
385438,mscoco,-0.5,-0.27835876
275432,mscoco,-0.5,-0.074047804
490582,mscoco,0.25,0.07527614
399880,mscoco,1.0,0.4994247
256903,mscoco,0.0,0.5040467
2349,mscoco,0.1666666666666666,0.8318
70735,mscoco,1.8333333333333333,0.58067334
73634,mscoco,1.5,1.0237317
495131,mscoco,0.0,-0.16335535
548953,mscoco,1.0714285714285714,0.6582737
517780,mscoco,1.1833333333333331,0.6902132
314616,mscoco,-0.75,0.700706
51070,mscoco,-0.6666666666666666,0.3752551
61761,mscoco,1.0,0.3593595
228657,mscoco,0.0,-0.3814574
328732,mscoco,-0.2916666666666666,0.18633676
152108,mscoco,1.6666666666666663,1.18541
309192,mscoco,-0.1666666666666666,-0.30244267
28085,mscoco,1.1666666666666663,0.9108937
392717,mscoco,-0.5833333333333333,0.7390778
373648,mscoco,1.625,1.0539522
186201,mscoco,1.5,1.2715118
556248,mscoco,0.5,1.2924185
30631,mscoco,-1.0,0.17118669
109838,mscoco,1.0,-0.018022776
97686,mscoco,1.3333333333333333,0.26569414
22559,mscoco,0.3333333333333333,0.270514
163474,mscoco,1.0,1.0906003
23489,mscoco,-0.2916666666666666,0.22588599
460417,mscoco,-0.1666666666666666,0.68243563
143120,mscoco,-0.6666666666666666,0.2385292
549649,mscoco,1.0,0.08961499
62132,mscoco,-0.1666666666666666,0.4873011
371157,mscoco,0.2249999999999999,-0.045837402
376009,mscoco,-0.5,0.5429504
41997,mscoco,1.5,0.9443321
305338,mscoco,-0.3333333333333333,0.45861197
151922,mscoco,-0.125,0.49522054
169683,mscoco,-1.0,0.7208549
504216,mscoco,1.0,0.8980901
42215,mscoco,1.6666666666666663,1.0557184
285607,mscoco,0.0,1.1266348
345562,mscoco,0.375,0.6948117
155160,mscoco,-0.1666666666666666,0.24201417
576944,mscoco,1.0,0.9989474
488360,mscoco,-0.425,0.9086181
20641,mscoco,0.0,0.39148057
83268,mscoco,0.0,0.16457689
203618,mscoco,1.2,1.2119896
301870,mscoco,0.0,-0.13933885
424788,mscoco,2.0,1.2950745
292170,mscoco,1.0,1.2176929
502823,mscoco,0.0,0.34341216
40531,mscoco,0.625,0.57497454
162020,mscoco,-0.5833333333333333,0.26877463
84853,mscoco,1.4166666666666663,0.8646499
139839,mscoco,1.625,1.4983196
163296,mscoco,1.5666666666666669,1.2245991
268644,mscoco,0.0,0.32121444
69283,mscoco,1.25,0.25151896
59610,mscoco,1.1666666666666663,0.63169825
471834,mscoco,-1.0,1.0832791
15197,mscoco,1.0,0.4934963
343908,mscoco,-0.6666666666666666,-0.20703769
451375,mscoco,-0.125,-0.17559767
440027,mscoco,-0.5,-0.25918108
377777,mscoco,0.0,-0.15592778
130240,mscoco,-0.625,-0.22683823
121618,mscoco,0.25,0.8225957
273245,mscoco,1.0,1.2093563
187978,mscoco,0.2916666666666667,0.26663876
395933,mscoco,0.5,0.4907514
247184,mscoco,1.75,0.6547513
198397,mscoco,-0.125,-0.21897924
266207,mscoco,1.8333333333333333,1.1344209
324816,mscoco,1.0,1.4207959
539311,mscoco,-0.3333333333333333,0.014650106
34,drawbench,0.5,0.6655978
214413,mscoco,1.3,1.1793275
521574,mscoco,-0.4666666666666667,-0.30449343
317112,mscoco,-0.5166666666666667,-0.27149296
552295,mscoco,0.5833333333333334,0.58502316
579787,mscoco,0.5,1.0744224
384422,mscoco,0.3333333333333333,0.15792346
531725,mscoco,-0.3333333333333333,1.2709033
491943,mscoco,1.1666666666666663,0.79308283
56605,mscoco,1.5,0.8345212
444272,mscoco,0.25,0.14769113
220948,mscoco,1.775,1.5032
265176,mscoco,0.0,0.3153355
186,drawbench,-1.0,0.41467738
275835,mscoco,1.5,0.8402035
386036,mscoco,0.0,-0.4238969
165638,mscoco,0.0,-0.19899529
388353,mscoco,-0.4,0.6969447
4624,mscoco,1.625,1.1062675
206871,mscoco,2.0,1.4661298
516805,mscoco,1.0,0.6454301
531798,mscoco,0.3333333333333333,0.9541509
89095,mscoco,-0.3333333333333333,0.18538284
18078,mscoco,1.8333333333333333,1.4288263
136900,mscoco,1.5,1.664051
16,drawbench,1.1666666666666663,1.1965394
350724,mscoco,1.4,0.80011106
477195,mscoco,1.0,1.021302
55059,mscoco,-0.5,-0.17807728
28214,mscoco,-0.5,-0.3701735
192812,mscoco,1.0,0.3509804
162717,mscoco,0.125,0.27179408
547136,mscoco,1.0,0.96713316
408182,mscoco,1.5,1.6251266
360536,mscoco,1.0,0.8851595
485564,mscoco,-0.0555555555555555,-0.116992295
360695,mscoco,1.125,1.5268459
514483,mscoco,-0.1666666666666666,-0.28460097
409918,mscoco,0.5,1.0677269
34333,mscoco,0.0,-0.21297634
156915,mscoco,1.1666666666666663,1.4643984
16520,mscoco,1.5833333333333337,0.8901572
308441,mscoco,-0.7083333333333333,-0.08028805
246146,mscoco,0.5285714285714286,1.3450513
525342,mscoco,1.0,1.2235737
293306,mscoco,-0.3333333333333333,0.46449578
163431,mscoco,0.0,0.4647708
41265,mscoco,0.0,0.18597698
184610,mscoco,0.1666666666666666,-0.152062
545673,mscoco,-0.2,-0.117945194
187757,mscoco,1.25,0.5632262
492065,mscoco,0.0,0.66222
352248,mscoco,1.25,0.014615297
360173,mscoco,-0.3333333333333333,-0.10553551
443913,mscoco,0.0,-0.37585592
475301,mscoco,1.0,0.42882538
196,drawbench,1.0,1.4917645
66192,mscoco,0.25,0.6530193
158950,mscoco,0.1666666666666666,1.1587207
536278,mscoco,1.1666666666666663,0.4636662
232417,mscoco,1.0,0.29639375
395013,mscoco,1.0,-0.026517868
113839,mscoco,0.125,0.85296917
103512,mscoco,0.0,-0.121881604
47597,mscoco,1.0,1.1631858
197427,mscoco,-1.0,0.8305676
416604,mscoco,1.3333333333333337,1.3528757
513733,mscoco,1.0833333333333337,1.1865237
182373,mscoco,1.1,0.45758724
561919,mscoco,-0.5,-0.0046243668
221165,mscoco,0.8333333333333334,0.84815216
13,drawbench,-0.5,1.2152519
490057,mscoco,0.25,0.68261623
561957,mscoco,-0.25,-0.36414725
451772,mscoco,2.0,1.7977138
247223,mscoco,2.0,1.3648803
532253,mscoco,0.5,0.27933407
178,drawbench,1.3333333333333337,0.8101537
15621,mscoco,1.5,1.3176548
161634,mscoco,-0.5,-0.28605378
33555,mscoco,-0.3,0.07635307
59,drawbench,1.1666666666666663,1.073489
17869,mscoco,-0.1666666666666666,0.06822419
378790,mscoco,0.5,0.6873187
248876,mscoco,1.625,0.6783651
398130,mscoco,-0.2666666666666666,-0.17315447
124236,mscoco,-0.5625,0.51849866
441382,mscoco,1.0,0.9185523
444670,mscoco,0.3666666666666666,0.7607229
482665,mscoco,-0.5,-0.12579417
170766,mscoco,0.1666666666666666,0.017736435
156904,mscoco,1.1,0.7865211
313156,mscoco,2.0,1.5019336
129176,mscoco,1.8333333333333333,0.9465145
295558,mscoco,1.0,0.5859709
246358,mscoco,1.4166666666666663,1.0339558
281052,mscoco,1.5833333333333337,0.87500715
324165,mscoco,1.0,1.0354166
536900,mscoco,-0.125,0.4460323
579341,mscoco,1.0,0.6959804
149679,mscoco,0.0,-0.2870338
283840,mscoco,1.0,0.60933936
361351,mscoco,0.2142857142857143,0.6746576
415239,mscoco,-0.5,1.167316
99073,mscoco,1.8333333333333333,1.0477724
369653,mscoco,0.5666666666666667,-0.1826011
72583,mscoco,-0.1666666666666666,0.057884693
565326,mscoco,-0.1666666666666666,-0.3034618
264660,mscoco,0.5,0.78152347
236552,mscoco,1.25,1.0266945
522491,mscoco,1.5,0.72912717
84757,mscoco,-0.6666666666666666,-0.009860277
40957,mscoco,-0.3666666666666667,-0.059303522
95679,mscoco,1.6666666666666667,0.7628317
265279,mscoco,-0.3333333333333333,-0.10796791
245938,mscoco,1.5,1.7149863
522639,mscoco,0.0,0.036329985
225345,mscoco,1.0,0.91528714
24104,mscoco,1.0,1.0875664
317331,mscoco,-0.7,-0.31361735
