predictor	run	train_language	test_language	setting	target	model	measure	task	subset	n	pearson	pearson_p	kendall	kendall_p	spearman	r2	rmse	mae	bias	semnificatie	degenerat
bert	glide__english	english	english	in-limba	glide	GLIDE	HBPP	generation	total	2080	0.592	3.368e-197	0.425	7.077e-178	0.603	0.335	0.2191	0.1692	-0.0101	‡	
bert	glide__english	english	english	in-limba	glide	GLIDE	HBPP	generation	mscoco	2000	0.601	1.235e-196	0.432	3.284e-176	0.610	0.346	0.2172	0.1674	-0.0191	‡	
bert	glide__english	english	english	in-limba	glide	GLIDE	HBPP	generation	drawbench	80	0.403	2.133e-04	0.284	2.950e-04	0.419	0.035	0.2609	0.2139	0.2139	‡	
bert	glide__english	english	romanian	transfer zero-shot	glide	GLIDE	HBPP	generation	total	2080	0.495	5.132e-129	0.355	9.099e-125	0.507	0.238	0.2346	0.1889	-0.0630	‡	
bert	glide__english	english	romanian	transfer zero-shot	glide	GLIDE	HBPP	generation	mscoco	2000	0.508	5.634e-132	0.365	2.138e-126	0.519	0.251	0.2326	0.1872	-0.0695	‡	
bert	glide__english	english	romanian	transfer zero-shot	glide	GLIDE	HBPP	generation	drawbench	80	0.164	1.449e-01	0.114	1.451e-01	0.160	-0.098	0.2782	0.2336	0.1000	n.s.	
bert	glide__english	english	romanian_reviewed	transfer zero-shot	glide	GLIDE	HBPP	generation	total	2080	0.504	4.017e-134	0.361	1.796e-128	0.516	0.247	0.2332	0.1881	-0.0628	‡	
bert	glide__english	english	romanian_reviewed	transfer zero-shot	glide	GLIDE	HBPP	generation	mscoco	2000	0.517	4.943e-137	0.370	5.528e-130	0.528	0.259	0.2312	0.1864	-0.0694	‡	
bert	glide__english	english	romanian_reviewed	transfer zero-shot	glide	GLIDE	HBPP	generation	drawbench	80	0.173	1.239e-01	0.127	1.062e-01	0.176	-0.085	0.2766	0.2317	0.1016	n.s.	
bert	glide__romanian_reviewed	romanian_reviewed	english	transfer zero-shot	glide	GLIDE	HBPP	generation	total	2080	0.504	2.320e-134	0.357	9.804e-126	0.512	0.225	0.2364	0.1835	0.0583	‡	
bert	glide__romanian_reviewed	romanian_reviewed	english	transfer zero-shot	glide	GLIDE	HBPP	generation	mscoco	2000	0.513	1.003e-134	0.363	3.093e-125	0.520	0.238	0.2346	0.1815	0.0478	‡	
bert	glide__romanian_reviewed	romanian_reviewed	english	transfer zero-shot	glide	GLIDE	HBPP	generation	drawbench	80	0.297	7.525e-03	0.205	8.853e-03	0.300	-0.094	0.2777	0.2331	0.3195	†	
bert	glide__romanian_reviewed	romanian_reviewed	romanian	transfer zero-shot	glide	GLIDE	HBPP	generation	total	2080	0.554	5.607e-168	0.394	4.647e-153	0.566	0.292	0.2260	0.1767	0.0341	‡	
bert	glide__romanian_reviewed	romanian_reviewed	romanian	transfer zero-shot	glide	GLIDE	HBPP	generation	mscoco	2000	0.565	3.988e-169	0.401	2.072e-152	0.575	0.306	0.2238	0.1745	0.0254	‡	
bert	glide__romanian_reviewed	romanian_reviewed	romanian	transfer zero-shot	glide	GLIDE	HBPP	generation	drawbench	80	0.274	1.375e-02	0.201	1.049e-02	0.280	-0.069	0.2745	0.2319	0.2514	n.s.	
bert	glide__romanian_reviewed	romanian_reviewed	romanian_reviewed	in-limba	glide	GLIDE	HBPP	generation	total	2080	0.558	1.161e-170	0.397	4.033e-155	0.570	0.297	0.2253	0.1764	0.0350	‡	
bert	glide__romanian_reviewed	romanian_reviewed	romanian_reviewed	in-limba	glide	GLIDE	HBPP	generation	mscoco	2000	0.569	7.374e-172	0.404	1.865e-154	0.579	0.311	0.2231	0.1742	0.0261	‡	
bert	glide__romanian_reviewed	romanian_reviewed	romanian_reviewed	in-limba	glide	GLIDE	HBPP	generation	drawbench	80	0.278	1.240e-02	0.209	7.827e-03	0.293	-0.071	0.2748	0.2322	0.2567	n.s.	
bert	sdxl__english	english	english	in-limba	sdxl	SDXL	HBPP	generation	total	2080	0.326	1.111e-52	0.230	4.013e-48	0.315	0.098	0.1601	0.1005	0.0273	‡	
bert	sdxl__english	english	english	in-limba	sdxl	SDXL	HBPP	generation	mscoco	2000	0.329	1.065e-51	0.230	1.498e-46	0.316	0.099	0.1538	0.0977	0.0184	‡	
bert	sdxl__english	english	english	in-limba	sdxl	SDXL	HBPP	generation	drawbench	80	0.318	4.026e-03	0.228	5.497e-03	0.298	0.002	0.2738	0.1699	0.2509	†	
bert	sdxl__english	english	romanian	transfer zero-shot	sdxl	SDXL	HBPP	generation	total	2080	0.169	9.251e-15	0.137	3.199e-18	0.191	0.022	0.1667	0.1152	-0.0399	‡	
bert	sdxl__english	english	romanian	transfer zero-shot	sdxl	SDXL	HBPP	generation	mscoco	2000	0.184	1.236e-16	0.139	7.122e-18	0.193	0.023	0.1602	0.1125	-0.0508	‡	
bert	sdxl__english	english	romanian	transfer zero-shot	sdxl	SDXL	HBPP	generation	drawbench	80	0.089	4.322e-01	0.122	1.394e-01	0.167	-0.072	0.2838	0.1838	0.2319	n.s.	
bert	sdxl__english	english	romanian_reviewed	transfer zero-shot	sdxl	SDXL	HBPP	generation	total	2080	0.173	1.839e-15	0.133	2.735e-17	0.185	0.024	0.1666	0.1152	-0.0395	‡	
bert	sdxl__english	english	romanian_reviewed	transfer zero-shot	sdxl	SDXL	HBPP	generation	mscoco	2000	0.188	1.901e-17	0.135	4.905e-17	0.188	0.025	0.1601	0.1124	-0.0504	‡	
bert	sdxl__english	english	romanian_reviewed	transfer zero-shot	sdxl	SDXL	HBPP	generation	drawbench	80	0.083	4.662e-01	0.111	1.753e-01	0.152	-0.073	0.2839	0.1842	0.2308	n.s.	
bert	sdxl__romanian_reviewed	romanian_reviewed	english	transfer zero-shot	sdxl	SDXL	HBPP	generation	total	2080	0.214	5.540e-23	0.173	7.140e-28	0.239	0.045	0.1647	0.1091	-0.0115	‡	
bert	sdxl__romanian_reviewed	romanian_reviewed	english	transfer zero-shot	sdxl	SDXL	HBPP	generation	mscoco	2000	0.207	7.200e-21	0.170	3.105e-26	0.236	0.041	0.1588	0.1064	-0.0206	‡	
bert	sdxl__romanian_reviewed	romanian_reviewed	english	transfer zero-shot	sdxl	SDXL	HBPP	generation	drawbench	80	0.289	9.408e-03	0.205	1.257e-02	0.287	-0.004	0.2746	0.1775	0.2150	†	
bert	sdxl__romanian_reviewed	romanian_reviewed	romanian	transfer zero-shot	sdxl	SDXL	HBPP	generation	total	2080	0.303	2.078e-45	0.206	3.674e-39	0.282	0.066	0.1629	0.0961	0.0798	‡	
bert	sdxl__romanian_reviewed	romanian_reviewed	romanian	transfer zero-shot	sdxl	SDXL	HBPP	generation	mscoco	2000	0.300	5.975e-43	0.205	3.373e-37	0.280	0.066	0.1566	0.0932	0.0720	‡	
bert	sdxl__romanian_reviewed	romanian_reviewed	romanian	transfer zero-shot	sdxl	SDXL	HBPP	generation	drawbench	80	0.303	6.238e-03	0.231	5.068e-03	0.317	-0.024	0.2773	0.1685	0.2756	†	
bert	sdxl__romanian_reviewed	romanian_reviewed	romanian_reviewed	in-limba	sdxl	SDXL	HBPP	generation	total	2080	0.303	1.485e-45	0.203	5.695e-38	0.278	0.067	0.1628	0.0962	0.0788	‡	
bert	sdxl__romanian_reviewed	romanian_reviewed	romanian_reviewed	in-limba	sdxl	SDXL	HBPP	generation	mscoco	2000	0.301	4.468e-43	0.201	5.575e-36	0.275	0.067	0.1565	0.0933	0.0710	‡	
bert	sdxl__romanian_reviewed	romanian_reviewed	romanian_reviewed	in-limba	sdxl	SDXL	HBPP	generation	drawbench	80	0.304	6.164e-03	0.230	5.208e-03	0.317	-0.023	0.2772	0.1680	0.2743	†	
bert	clip_p10__english	english	english	in-limba	clip_p10	CLIP	P@10	retrieval	total	2080	0.381	7.906e-73	0.245	5.245e-52	0.329	0.131	0.1808	0.1240	-0.0209	‡	
bert	clip_p10__english	english	english	in-limba	clip_p10	CLIP	P@10	retrieval	mscoco	2000	0.387	1.886e-72	0.256	6.142e-55	0.345	0.129	0.1819	0.1236	-0.0269	‡	
bert	clip_p10__english	english	english	in-limba	clip_p10	CLIP	P@10	retrieval	drawbench	80	-0.134	2.370e-01	-0.161	8.116e-02	-0.196	-47.120	0.1512	0.1334	0.1304	n.s.	da
bert	clip_p10__english	english	romanian	transfer zero-shot	clip_p10	CLIP	P@10	retrieval	total	2080	0.198	8.699e-20	0.134	1.226e-16	0.182	-0.004	0.1943	0.1333	-0.0327	‡	
bert	clip_p10__english	english	romanian	transfer zero-shot	clip_p10	CLIP	P@10	retrieval	mscoco	2000	0.221	1.819e-23	0.152	2.061e-20	0.209	-0.002	0.1950	0.1324	-0.0401	‡	
bert	clip_p10__english	english	romanian	transfer zero-shot	clip_p10	CLIP	P@10	retrieval	drawbench	80	-0.098	3.863e-01	-0.092	3.205e-01	-0.112	-63.741	0.1754	0.1540	0.1524	n.s.	da
bert	clip_p10__english	english	romanian_reviewed	transfer zero-shot	clip_p10	CLIP	P@10	retrieval	total	2080	0.190	2.490e-18	0.127	2.844e-15	0.174	-0.009	0.1948	0.1336	-0.0329	‡	
bert	clip_p10__english	english	romanian_reviewed	transfer zero-shot	clip_p10	CLIP	P@10	retrieval	mscoco	2000	0.212	9.294e-22	0.145	1.209e-18	0.199	-0.008	0.1956	0.1329	-0.0403	‡	
bert	clip_p10__english	english	romanian_reviewed	transfer zero-shot	clip_p10	CLIP	P@10	retrieval	drawbench	80	-0.085	4.557e-01	-0.076	4.140e-01	-0.092	-63.583	0.1751	0.1529	0.1516	n.s.	da
bert	clip_p10__romanian_reviewed	romanian_reviewed	english	transfer zero-shot	clip_p10	CLIP	P@10	retrieval	total	2080	0.191	1.593e-18	0.134	8.098e-17	0.181	0.024	0.1916	0.1404	0.0096	‡	
bert	clip_p10__romanian_reviewed	romanian_reviewed	english	transfer zero-shot	clip_p10	CLIP	P@10	retrieval	mscoco	2000	0.226	1.267e-24	0.168	1.823e-24	0.228	0.048	0.1901	0.1376	0.0016	‡	
bert	clip_p10__romanian_reviewed	romanian_reviewed	english	transfer zero-shot	clip_p10	CLIP	P@10	retrieval	drawbench	80	-0.170	1.325e-01	-0.147	1.120e-01	-0.179	-105.584	0.2250	0.2117	0.2116	n.s.	da
bert	clip_p10__romanian_reviewed	romanian_reviewed	romanian	transfer zero-shot	clip_p10	CLIP	P@10	retrieval	total	2080	0.312	2.725e-48	0.198	1.140e-34	0.267	0.095	0.1845	0.1296	-0.0036	‡	
bert	clip_p10__romanian_reviewed	romanian_reviewed	romanian	transfer zero-shot	clip_p10	CLIP	P@10	retrieval	mscoco	2000	0.333	7.834e-53	0.223	8.206e-42	0.301	0.107	0.1841	0.1277	-0.0108	‡	
bert	clip_p10__romanian_reviewed	romanian_reviewed	romanian	transfer zero-shot	clip_p10	CLIP	P@10	retrieval	drawbench	80	-0.123	2.787e-01	-0.155	9.340e-02	-0.189	-77.833	0.1935	0.1769	0.1767	n.s.	da
bert	clip_p10__romanian_reviewed	romanian_reviewed	romanian_reviewed	in-limba	clip_p10	CLIP	P@10	retrieval	total	2080	0.317	1.132e-49	0.199	4.190e-35	0.269	0.098	0.1842	0.1298	-0.0031	‡	
bert	clip_p10__romanian_reviewed	romanian_reviewed	romanian_reviewed	in-limba	clip_p10	CLIP	P@10	retrieval	mscoco	2000	0.337	1.797e-54	0.224	2.641e-42	0.303	0.111	0.1837	0.1279	-0.0104	‡	
bert	clip_p10__romanian_reviewed	romanian_reviewed	romanian_reviewed	in-limba	clip_p10	CLIP	P@10	retrieval	drawbench	80	-0.121	2.845e-01	-0.149	1.071e-01	-0.181	-78.814	0.1947	0.1780	0.1779	n.s.	da
bert	clip_rr__english	english	english	in-limba	clip_rr	CLIP	RR	retrieval	total	2080	0.209	4.850e-22	0.137	7.152e-19	0.194	0.041	0.3929	0.3484	-0.0127	‡	
bert	clip_rr__english	english	english	in-limba	clip_rr	CLIP	RR	retrieval	mscoco	2000	0.230	2.257e-25	0.163	5.897e-25	0.229	0.043	0.3904	0.3447	-0.0309	‡	
bert	clip_rr__english	english	english	in-limba	clip_rr	CLIP	RR	retrieval	drawbench	80	-0.380	5.051e-04	-0.249	3.420e-03	-0.334	-88.448	0.4498	0.4409	0.4409	‡	da
bert	clip_rr__english	english	romanian	transfer zero-shot	clip_rr	CLIP	RR	retrieval	total	2080	0.148	1.361e-11	0.093	1.703e-09	0.132	0.012	0.3988	0.3533	-0.0291	‡	
bert	clip_rr__english	english	romanian	transfer zero-shot	clip_rr	CLIP	RR	retrieval	mscoco	2000	0.169	2.764e-14	0.112	1.488e-12	0.158	0.006	0.3978	0.3507	-0.0470	‡	
bert	clip_rr__english	english	romanian	transfer zero-shot	clip_rr	CLIP	RR	retrieval	drawbench	80	-0.241	3.161e-02	-0.090	2.889e-01	-0.124	-78.303	0.4236	0.4186	0.4186	n.s.	da
bert	clip_rr__english	english	romanian_reviewed	transfer zero-shot	clip_rr	CLIP	RR	retrieval	total	2080	0.139	1.902e-10	0.089	6.917e-09	0.127	0.010	0.3991	0.3536	-0.0292	‡	
bert	clip_rr__english	english	romanian_reviewed	transfer zero-shot	clip_rr	CLIP	RR	retrieval	mscoco	2000	0.160	5.195e-13	0.108	7.468e-12	0.153	0.005	0.3981	0.3510	-0.0471	‡	
bert	clip_rr__english	english	romanian_reviewed	transfer zero-shot	clip_rr	CLIP	RR	retrieval	drawbench	80	-0.248	2.634e-02	-0.099	2.428e-01	-0.137	-78.335	0.4236	0.4186	0.4186	n.s.	da
bert	clip_rr__romanian_reviewed	romanian_reviewed	english	transfer zero-shot	clip_rr	CLIP	RR	retrieval	total	2080	0.161	1.356e-13	0.112	4.133e-13	0.158	-0.002	0.4016	0.3685	0.0666	‡	
bert	clip_rr__romanian_reviewed	romanian_reviewed	english	transfer zero-shot	clip_rr	CLIP	RR	retrieval	mscoco	2000	0.159	8.397e-13	0.112	1.096e-12	0.159	0.009	0.3972	0.3636	0.0496	‡	
bert	clip_rr__romanian_reviewed	romanian_reviewed	english	transfer zero-shot	clip_rr	CLIP	RR	retrieval	drawbench	80	-0.193	8.653e-02	-0.234	5.936e-03	-0.319	-109.083	0.4990	0.4915	0.4915	n.s.	da
bert	clip_rr__romanian_reviewed	romanian_reviewed	romanian	transfer zero-shot	clip_rr	CLIP	RR	retrieval	total	2080	0.191	1.373e-18	0.127	1.548e-16	0.181	0.035	0.3941	0.3513	0.0087	‡	
bert	clip_rr__romanian_reviewed	romanian_reviewed	romanian	transfer zero-shot	clip_rr	CLIP	RR	retrieval	mscoco	2000	0.195	1.319e-18	0.135	1.261e-17	0.191	0.036	0.3917	0.3478	-0.0084	‡	
bert	clip_rr__romanian_reviewed	romanian_reviewed	romanian	transfer zero-shot	clip_rr	CLIP	RR	retrieval	drawbench	80	-0.423	9.274e-05	-0.261	2.183e-03	-0.345	-88.467	0.4499	0.4373	0.4351	‡	da
bert	clip_rr__romanian_reviewed	romanian_reviewed	romanian_reviewed	in-limba	clip_rr	CLIP	RR	retrieval	total	2080	0.180	1.435e-16	0.122	2.102e-15	0.174	0.029	0.3952	0.3525	0.0104	‡	
bert	clip_rr__romanian_reviewed	romanian_reviewed	romanian_reviewed	in-limba	clip_rr	CLIP	RR	retrieval	mscoco	2000	0.182	2.054e-16	0.129	3.893e-16	0.182	0.031	0.3929	0.3491	-0.0066	‡	
bert	clip_rr__romanian_reviewed	romanian_reviewed	romanian_reviewed	in-limba	clip_rr	CLIP	RR	retrieval	drawbench	80	-0.418	1.130e-04	-0.264	1.915e-03	-0.347	-88.558	0.4501	0.4374	0.4352	‡	da
bert	blip2_p10__english	english	english	in-limba	blip2_p10	BLIP-2	P@10	retrieval	total	2080	0.457	7.942e-108	0.295	8.460e-78	0.403	0.194	0.2203	0.1651	0.0087	‡	
bert	blip2_p10__english	english	english	in-limba	blip2_p10	BLIP-2	P@10	retrieval	mscoco	2000	0.450	3.581e-100	0.291	6.562e-73	0.399	0.186	0.2215	0.1646	0.0019	‡	
bert	blip2_p10__english	english	english	in-limba	blip2_p10	BLIP-2	P@10	retrieval	drawbench	80	0.014	9.012e-01	0.066	4.785e-01	0.080	-147.226	0.1901	0.1768	0.1768	n.s.	da
bert	blip2_p10__english	english	romanian	transfer zero-shot	blip2_p10	BLIP-2	P@10	retrieval	total	2080	0.249	7.914e-31	0.165	2.146e-25	0.226	0.010	0.2442	0.1730	-0.0511	‡	
bert	blip2_p10__english	english	romanian	transfer zero-shot	blip2_p10	BLIP-2	P@10	retrieval	mscoco	2000	0.266	1.210e-33	0.175	2.172e-27	0.241	0.003	0.2451	0.1720	-0.0611	‡	
bert	blip2_p10__english	english	romanian	transfer zero-shot	blip2_p10	BLIP-2	P@10	retrieval	drawbench	80	-0.013	9.103e-01	0.066	4.785e-01	0.080	-202.107	0.2225	0.1981	0.1981	n.s.	da
bert	blip2_p10__english	english	romanian_reviewed	transfer zero-shot	blip2_p10	BLIP-2	P@10	retrieval	total	2080	0.235	1.842e-27	0.159	7.433e-24	0.219	-0.000	0.2455	0.1738	-0.0516	‡	
bert	blip2_p10__english	english	romanian_reviewed	transfer zero-shot	blip2_p10	BLIP-2	P@10	retrieval	mscoco	2000	0.251	4.299e-30	0.169	7.031e-26	0.234	-0.008	0.2464	0.1728	-0.0616	‡	
bert	blip2_p10__english	english	romanian_reviewed	transfer zero-shot	blip2_p10	BLIP-2	P@10	retrieval	drawbench	80	-0.013	9.088e-01	0.071	4.411e-01	0.087	-202.344	0.2226	0.1982	0.1982	n.s.	da
bert	blip2_p10__romanian_reviewed	romanian_reviewed	english	transfer zero-shot	blip2_p10	BLIP-2	P@10	retrieval	total	2080	0.307	1.113e-46	0.213	1.622e-41	0.294	0.026	0.2422	0.2002	0.0603	‡	
bert	blip2_p10__romanian_reviewed	romanian_reviewed	english	transfer zero-shot	blip2_p10	BLIP-2	P@10	retrieval	mscoco	2000	0.313	7.591e-47	0.223	1.676e-43	0.307	0.048	0.2395	0.1967	0.0513	‡	
bert	blip2_p10__romanian_reviewed	romanian_reviewed	english	transfer zero-shot	blip2_p10	BLIP-2	P@10	retrieval	drawbench	80	0.001	9.933e-01	0.003	9.754e-01	0.003	-375.825	0.3031	0.2867	0.2867	n.s.	da
bert	blip2_p10__romanian_reviewed	romanian_reviewed	romanian	transfer zero-shot	blip2_p10	BLIP-2	P@10	retrieval	total	2080	0.402	1.013e-81	0.265	4.148e-63	0.361	0.154	0.2258	0.1755	0.0172	‡	
bert	blip2_p10__romanian_reviewed	romanian_reviewed	romanian	transfer zero-shot	blip2_p10	BLIP-2	P@10	retrieval	mscoco	2000	0.402	1.412e-78	0.265	6.153e-61	0.362	0.157	0.2254	0.1738	0.0092	‡	
bert	blip2_p10__romanian_reviewed	romanian_reviewed	romanian	transfer zero-shot	blip2_p10	BLIP-2	P@10	retrieval	drawbench	80	0.053	6.416e-01	0.020	8.292e-01	0.024	-229.015	0.2368	0.2176	0.2176	n.s.	da
bert	blip2_p10__romanian_reviewed	romanian_reviewed	romanian_reviewed	in-limba	blip2_p10	BLIP-2	P@10	retrieval	total	2080	0.405	8.684e-83	0.265	4.880e-63	0.361	0.156	0.2256	0.1755	0.0177	‡	
bert	blip2_p10__romanian_reviewed	romanian_reviewed	romanian_reviewed	in-limba	blip2_p10	BLIP-2	P@10	retrieval	mscoco	2000	0.404	1.909e-79	0.266	4.235e-61	0.363	0.159	0.2251	0.1738	0.0097	‡	
bert	blip2_p10__romanian_reviewed	romanian_reviewed	romanian_reviewed	in-limba	blip2_p10	BLIP-2	P@10	retrieval	drawbench	80	0.054	6.325e-01	0.023	8.053e-01	0.028	-227.126	0.2358	0.2177	0.2177	n.s.	da
bert	blip2_rr__english	english	english	in-limba	blip2_rr	BLIP-2	RR	retrieval	total	2080	0.206	2.761e-21	0.154	6.901e-22	0.211	0.036	0.3983	0.3660	-0.0299	‡	
bert	blip2_rr__english	english	english	in-limba	blip2_rr	BLIP-2	RR	retrieval	mscoco	2000	0.194	2.192e-18	0.146	6.208e-19	0.199	0.019	0.3922	0.3598	-0.0514	‡	
bert	blip2_rr__english	english	english	in-limba	blip2_rr	BLIP-2	RR	retrieval	drawbench	80	-0.106	3.487e-01	-0.210	1.341e-02	-0.279	-21.105	0.5291	0.5222	0.5089	n.s.	da
bert	blip2_rr__english	english	romanian	transfer zero-shot	blip2_rr	BLIP-2	RR	retrieval	total	2080	0.029	1.925e-01	0.041	1.028e-02	0.056	-0.084	0.4225	0.3815	-0.1175	n.s.	
bert	blip2_rr__english	english	romanian	transfer zero-shot	blip2_rr	BLIP-2	RR	retrieval	mscoco	2000	0.058	9.388e-03	0.060	2.460e-04	0.082	-0.123	0.4198	0.3774	-0.1410	†	
bert	blip2_rr__english	english	romanian	transfer zero-shot	blip2_rr	BLIP-2	RR	retrieval	drawbench	80	-0.065	5.687e-01	0.135	1.133e-01	0.172	-17.662	0.4862	0.4838	0.4704	n.s.	da
bert	blip2_rr__english	english	romanian_reviewed	transfer zero-shot	blip2_rr	BLIP-2	RR	retrieval	total	2080	0.033	1.375e-01	0.045	5.213e-03	0.061	-0.084	0.4224	0.3813	-0.1176	n.s.	
bert	blip2_rr__english	english	romanian_reviewed	transfer zero-shot	blip2_rr	BLIP-2	RR	retrieval	mscoco	2000	0.062	5.623e-03	0.062	1.370e-04	0.086	-0.123	0.4197	0.3773	-0.1411	†	
bert	blip2_rr__english	english	romanian_reviewed	transfer zero-shot	blip2_rr	BLIP-2	RR	retrieval	drawbench	80	-0.062	5.828e-01	0.141	9.661e-02	0.179	-17.601	0.4853	0.4830	0.4696	n.s.	da
bert	blip2_rr__romanian_reviewed	romanian_reviewed	english	transfer zero-shot	blip2_rr	BLIP-2	RR	retrieval	total	2080	0.167	2.047e-14	0.122	1.726e-14	0.167	0.024	0.4009	0.3716	0.0123	‡	
bert	blip2_rr__romanian_reviewed	romanian_reviewed	english	transfer zero-shot	blip2_rr	BLIP-2	RR	retrieval	mscoco	2000	0.160	5.952e-13	0.122	8.309e-14	0.167	0.021	0.3918	0.3636	-0.0095	‡	
bert	blip2_rr__romanian_reviewed	romanian_reviewed	english	transfer zero-shot	blip2_rr	BLIP-2	RR	retrieval	drawbench	80	-0.165	1.431e-01	-0.222	9.066e-03	-0.294	-25.884	0.5835	0.5722	0.5583	n.s.	da
bert	blip2_rr__romanian_reviewed	romanian_reviewed	romanian	transfer zero-shot	blip2_rr	BLIP-2	RR	retrieval	total	2080	0.196	1.814e-19	0.138	5.323e-18	0.190	0.030	0.3996	0.3667	-0.0202	‡	
bert	blip2_rr__romanian_reviewed	romanian_reviewed	romanian	transfer zero-shot	blip2_rr	BLIP-2	RR	retrieval	mscoco	2000	0.190	1.097e-17	0.138	4.024e-17	0.188	0.018	0.3925	0.3601	-0.0415	‡	
bert	blip2_rr__romanian_reviewed	romanian_reviewed	romanian	transfer zero-shot	blip2_rr	BLIP-2	RR	retrieval	drawbench	80	-0.216	5.452e-02	-0.263	2.012e-03	-0.339	-22.715	0.5480	0.5306	0.5138	n.s.	da
bert	blip2_rr__romanian_reviewed	romanian_reviewed	romanian_reviewed	in-limba	blip2_rr	BLIP-2	RR	retrieval	total	2080	0.189	3.356e-18	0.134	3.966e-17	0.185	0.026	0.4004	0.3675	-0.0196	‡	
bert	blip2_rr__romanian_reviewed	romanian_reviewed	romanian_reviewed	in-limba	blip2_rr	BLIP-2	RR	retrieval	mscoco	2000	0.182	2.165e-16	0.133	4.087e-16	0.182	0.013	0.3934	0.3610	-0.0409	‡	
bert	blip2_rr__romanian_reviewed	romanian_reviewed	romanian_reviewed	in-limba	blip2_rr	BLIP-2	RR	retrieval	drawbench	80	-0.213	5.730e-02	-0.237	5.345e-03	-0.306	-22.736	0.5483	0.5308	0.5139	n.s.	da
clip	glide__english	english	english	in-limba	glide	GLIDE	HBPP	generation	total	2080	0.663	6.429e-264	0.486	3.060e-231	0.670	0.440	0.2011	0.1558	0.0083	‡	
clip	glide__english	english	english	in-limba	glide	GLIDE	HBPP	generation	mscoco	2000	0.671	1.491e-261	0.491	3.377e-227	0.676	0.449	0.1994	0.1541	0.0076	‡	
clip	glide__english	english	english	in-limba	glide	GLIDE	HBPP	generation	drawbench	80	0.435	5.521e-05	0.308	8.544e-05	0.434	0.186	0.2395	0.1972	0.0263	‡	
clip	glide__english	english	romanian	transfer zero-shot	glide	GLIDE	HBPP	generation	total	2080	0.660	1.500e-260	0.482	3.450e-228	0.667	0.435	0.2019	0.1567	-0.0019	‡	
clip	glide__english	english	romanian	transfer zero-shot	glide	GLIDE	HBPP	generation	mscoco	2000	0.668	2.339e-258	0.488	2.510e-224	0.673	0.445	0.2002	0.1551	-0.0023	‡	
clip	glide__english	english	romanian	transfer zero-shot	glide	GLIDE	HBPP	generation	drawbench	80	0.427	7.663e-05	0.301	1.247e-04	0.423	0.180	0.2404	0.1959	0.0083	‡	
clip	glide__english	english	romanian_reviewed	transfer zero-shot	glide	GLIDE	HBPP	generation	total	2080	0.660	3.586e-260	0.482	7.375e-228	0.667	0.435	0.2020	0.1567	-0.0015	‡	
clip	glide__english	english	romanian_reviewed	transfer zero-shot	glide	GLIDE	HBPP	generation	mscoco	2000	0.667	6.568e-258	0.487	6.042e-224	0.673	0.445	0.2003	0.1552	-0.0019	‡	
clip	glide__english	english	romanian_reviewed	transfer zero-shot	glide	GLIDE	HBPP	generation	drawbench	80	0.430	6.993e-05	0.304	1.051e-04	0.428	0.182	0.2401	0.1956	0.0088	‡	
clip	glide__romanian_reviewed	romanian_reviewed	english	transfer zero-shot	glide	GLIDE	HBPP	generation	total	2080	0.662	1.716e-262	0.484	5.846e-230	0.669	0.438	0.2014	0.1564	-0.0097	‡	
clip	glide__romanian_reviewed	romanian_reviewed	english	transfer zero-shot	glide	GLIDE	HBPP	generation	mscoco	2000	0.670	1.588e-260	0.490	3.461e-226	0.675	0.448	0.1997	0.1547	-0.0108	‡	
clip	glide__romanian_reviewed	romanian_reviewed	english	transfer zero-shot	glide	GLIDE	HBPP	generation	drawbench	80	0.421	9.972e-05	0.296	1.579e-04	0.416	0.174	0.2413	0.1990	0.0172	‡	
clip	glide__romanian_reviewed	romanian_reviewed	romanian	transfer zero-shot	glide	GLIDE	HBPP	generation	total	2080	0.661	5.697e-261	0.483	1.621e-228	0.667	0.436	0.2018	0.1562	0.0127	‡	
clip	glide__romanian_reviewed	romanian_reviewed	romanian	transfer zero-shot	glide	GLIDE	HBPP	generation	mscoco	2000	0.668	8.928e-259	0.488	1.255e-224	0.674	0.446	0.2000	0.1546	0.0117	‡	
clip	glide__romanian_reviewed	romanian_reviewed	romanian	transfer zero-shot	glide	GLIDE	HBPP	generation	drawbench	80	0.428	7.466e-05	0.297	1.527e-04	0.415	0.178	0.2407	0.1970	0.0378	‡	
clip	glide__romanian_reviewed	romanian_reviewed	romanian_reviewed	in-limba	glide	GLIDE	HBPP	generation	total	2080	0.660	9.734e-261	0.482	2.527e-228	0.667	0.436	0.2018	0.1563	0.0131	‡	
clip	glide__romanian_reviewed	romanian_reviewed	romanian_reviewed	in-limba	glide	GLIDE	HBPP	generation	mscoco	2000	0.668	1.728e-258	0.488	2.192e-224	0.673	0.445	0.2001	0.1547	0.0121	‡	
clip	glide__romanian_reviewed	romanian_reviewed	romanian_reviewed	in-limba	glide	GLIDE	HBPP	generation	drawbench	80	0.430	6.953e-05	0.300	1.334e-04	0.419	0.180	0.2404	0.1968	0.0381	‡	
clip	sdxl__english	english	english	in-limba	sdxl	SDXL	HBPP	generation	total	2080	0.347	9.667e-60	0.228	1.696e-47	0.313	0.113	0.1588	0.0986	0.0417	‡	
clip	sdxl__english	english	english	in-limba	sdxl	SDXL	HBPP	generation	mscoco	2000	0.337	3.037e-54	0.224	4.238e-44	0.307	0.108	0.1531	0.0957	0.0353	‡	
clip	sdxl__english	english	english	in-limba	sdxl	SDXL	HBPP	generation	drawbench	80	0.419	1.092e-04	0.307	1.896e-04	0.409	0.079	0.2631	0.1688	0.2015	‡	
clip	sdxl__english	english	romanian	transfer zero-shot	sdxl	SDXL	HBPP	generation	total	2080	0.321	4.384e-51	0.212	3.387e-41	0.291	0.101	0.1599	0.1024	0.0180	‡	
clip	sdxl__english	english	romanian	transfer zero-shot	sdxl	SDXL	HBPP	generation	mscoco	2000	0.311	3.454e-46	0.207	8.870e-38	0.284	0.093	0.1543	0.0998	0.0114	‡	
clip	sdxl__english	english	romanian	transfer zero-shot	sdxl	SDXL	HBPP	generation	drawbench	80	0.403	2.088e-04	0.324	8.046e-05	0.444	0.082	0.2626	0.1694	0.1813	‡	
clip	sdxl__english	english	romanian_reviewed	transfer zero-shot	sdxl	SDXL	HBPP	generation	total	2080	0.321	5.150e-51	0.212	3.331e-41	0.291	0.101	0.1599	0.1024	0.0184	‡	
clip	sdxl__english	english	romanian_reviewed	transfer zero-shot	sdxl	SDXL	HBPP	generation	mscoco	2000	0.311	4.101e-46	0.207	7.262e-38	0.284	0.093	0.1543	0.0997	0.0119	‡	
clip	sdxl__english	english	romanian_reviewed	transfer zero-shot	sdxl	SDXL	HBPP	generation	drawbench	80	0.402	2.186e-04	0.321	9.653e-05	0.438	0.081	0.2627	0.1697	0.1808	‡	
clip	sdxl__romanian_reviewed	romanian_reviewed	english	transfer zero-shot	sdxl	SDXL	HBPP	generation	total	2080	0.334	1.610e-55	0.222	4.154e-45	0.305	0.110	0.1590	0.1019	0.0136	‡	
clip	sdxl__romanian_reviewed	romanian_reviewed	english	transfer zero-shot	sdxl	SDXL	HBPP	generation	mscoco	2000	0.328	3.155e-51	0.219	2.856e-42	0.300	0.105	0.1534	0.0991	0.0070	‡	
clip	sdxl__romanian_reviewed	romanian_reviewed	english	transfer zero-shot	sdxl	SDXL	HBPP	generation	drawbench	80	0.384	4.398e-04	0.266	1.227e-03	0.354	0.076	0.2634	0.1724	0.1782	‡	
clip	sdxl__romanian_reviewed	romanian_reviewed	romanian	transfer zero-shot	sdxl	SDXL	HBPP	generation	total	2080	0.328	3.378e-53	0.217	4.221e-43	0.298	0.101	0.1599	0.0998	0.0406	‡	
clip	sdxl__romanian_reviewed	romanian_reviewed	romanian	transfer zero-shot	sdxl	SDXL	HBPP	generation	mscoco	2000	0.320	6.654e-49	0.213	5.035e-40	0.293	0.097	0.1541	0.0970	0.0336	‡	
clip	sdxl__romanian_reviewed	romanian_reviewed	romanian	transfer zero-shot	sdxl	SDXL	HBPP	generation	drawbench	80	0.389	3.617e-04	0.292	3.878e-04	0.390	0.052	0.2669	0.1690	0.2155	‡	
clip	sdxl__romanian_reviewed	romanian_reviewed	romanian_reviewed	in-limba	sdxl	SDXL	HBPP	generation	total	2080	0.328	2.399e-53	0.218	2.196e-43	0.299	0.101	0.1599	0.0997	0.0411	‡	
clip	sdxl__romanian_reviewed	romanian_reviewed	romanian_reviewed	in-limba	sdxl	SDXL	HBPP	generation	mscoco	2000	0.321	4.706e-49	0.214	2.315e-40	0.294	0.097	0.1540	0.0969	0.0342	‡	
clip	sdxl__romanian_reviewed	romanian_reviewed	romanian_reviewed	in-limba	sdxl	SDXL	HBPP	generation	drawbench	80	0.387	3.939e-04	0.285	5.391e-04	0.380	0.051	0.2670	0.1694	0.2146	‡	
